date,value,series_id
1946-01-01,,GDP
1946-04-01,,GDP
1946-07-01,,GDP
1946-10-01,,GDP
1947-01-01,243.164,GDP
1947-04-01,245.968,GDP
1947-07-01,249.585,GDP
1947-10-01,259.745,GDP
1948-01-01,265.742,GDP
1948-04-01,272.567,GDP
1948-07-01,279.196,GDP
1948-10-01,280.366,GDP
1949-01-01,275.034,GDP
1949-04-01,271.351,GDP
1949-07-01,272.889,GDP
1949-10-01,270.627,GDP
1950-01-01,280.828,GDP
1950-04-01,290.383,GDP
1950-07-01,308.153,GDP
1950-10-01,319.945,GDP
1951-01-01,336.0,GDP
1951-04-01,344.09,GDP
1951-07-01,351.385,GDP
1951-10-01,356.178,GDP
1952-01-01,359.82,GDP
1952-04-01,361.03,GDP
1952-07-01,367.701,GDP
1952-10-01,380.812,GDP
1953-01-01,387.98,GDP
1953-04-01,391.749,GDP
1953-07-01,391.171,GDP
1953-10-01,385.97,GDP
1954-01-01,385.345,GDP
1954-04-01,386.121,GDP
1954-07-01,390.996,GDP
1954-10-01,399.734,GDP
1955-01-01,413.073,GDP
1955-04-01,421.532,GDP
1955-07-01,430.221,GDP
1955-10-01,437.092,GDP
1956-01-01,439.746,GDP
1956-04-01,446.01,GDP
1956-07-01,451.191,GDP
1956-10-01,460.463,GDP
1957-01-01,469.779,GDP
1957-04-01,472.025,GDP
1957-07-01,479.49,GDP
1957-10-01,474.864,GDP
1958-01-01,467.54,GDP
1958-04-01,471.978,GDP
1958-07-01,485.841,GDP
1958-10-01,499.555,GDP
1959-01-01,510.33,GDP
1959-04-01,522.653,GDP
1959-07-01,525.034,GDP
1959-10-01,528.6,GDP
1960-01-01,542.648,GDP
1960-04-01,541.08,GDP
1960-07-01,545.604,GDP
1960-10-01,540.197,GDP
1961-01-01,545.018,GDP
1961-04-01,555.545,GDP
1961-07-01,567.664,GDP
1961-10-01,580.612,GDP
1962-01-01,594.013,GDP
1962-04-01,600.366,GDP
1962-07-01,609.027,GDP
1962-10-01,612.28,GDP
1963-01-01,621.672,GDP
1963-04-01,629.752,GDP
1963-07-01,644.444,GDP
1963-10-01,653.938,GDP
1964-01-01,669.822,GDP
1964-04-01,678.674,GDP
1964-07-01,692.031,GDP
1964-10-01,697.319,GDP
1965-01-01,717.79,GDP
1965-04-01,730.191,GDP
1965-07-01,749.323,GDP
1965-10-01,771.857,GDP
1966-01-01,795.734,GDP
1966-04-01,804.981,GDP
1966-07-01,819.638,GDP
1966-10-01,833.302,GDP
1967-01-01,844.17,GDP
1967-04-01,848.983,GDP
1967-07-01,865.233,GDP
1967-10-01,881.439,GDP
1968-01-01,909.387,GDP
1968-04-01,934.344,GDP
1968-07-01,950.825,GDP
1968-10-01,968.03,GDP
1969-01-01,993.337,GDP
1969-04-01,1009.02,GDP
1969-07-01,1029.956,GDP
1969-10-01,1038.147,GDP
1970-01-01,1051.2,GDP
1970-04-01,1067.375,GDP
1970-07-01,1086.059,GDP
1970-10-01,1088.608,GDP
1971-01-01,1135.156,GDP
1971-04-01,1156.271,GDP
1971-07-01,1177.675,GDP
1971-10-01,1190.297,GDP
1972-01-01,1230.609,GDP
1972-04-01,1266.369,GDP
1972-07-01,1290.566,GDP
1972-10-01,1328.904,GDP
1973-01-01,1377.49,GDP
1973-04-01,1413.887,GDP
1973-07-01,1433.838,GDP
1973-10-01,1476.289,GDP
1974-01-01,1491.209,GDP
1974-04-01,1530.056,GDP
1974-07-01,1560.026,GDP
1974-10-01,1599.679,GDP
1975-01-01,1616.116,GDP
1975-04-01,1651.853,GDP
1975-07-01,1709.82,GDP
1975-10-01,1761.831,GDP
1976-01-01,1820.487,GDP
1976-04-01,1852.332,GDP
1976-07-01,1886.558,GDP
1976-10-01,1934.273,GDP
1977-01-01,1988.648,GDP
1977-04-01,2055.909,GDP
1977-07-01,2118.473,GDP
1977-10-01,2164.27,GDP
1978-01-01,2202.76,GDP
1978-04-01,2331.633,GDP
1978-07-01,2395.053,GDP
1978-10-01,2476.949,GDP
1979-01-01,2526.61,GDP
1979-04-01,2591.247,GDP
1979-07-01,2667.565,GDP
1979-10-01,2723.883,GDP
1980-01-01,2789.842,GDP
1980-04-01,2797.352,GDP
1980-07-01,2856.483,GDP
1980-10-01,2985.557,GDP
1981-01-01,3124.206,GDP
1981-04-01,3162.532,GDP
1981-07-01,3260.609,GDP
1981-10-01,3280.818,GDP
1982-01-01,3274.302,GDP
1982-04-01,3331.972,GDP
1982-07-01,3366.322,GDP
1982-10-01,3402.561,GDP
1983-01-01,3473.413,GDP
1983-04-01,3578.848,GDP
1983-07-01,3689.179,GDP
1983-10-01,3794.706,GDP
1984-01-01,3908.054,GDP
1984-04-01,4009.601,GDP
1984-07-01,4084.25,GDP
1984-10-01,4148.551,GDP
1985-01-01,4230.168,GDP
1985-04-01,4294.887,GDP
1985-07-01,4386.773,GDP
1985-10-01,4444.094,GDP
1986-01-01,4507.894,GDP
1986-04-01,4545.34,GDP
1986-07-01,4607.669,GDP
1986-10-01,4657.627,GDP
1987-01-01,4722.156,GDP
1987-04-01,4806.16,GDP
1987-07-01,4884.555,GDP
1987-10-01,5007.994,GDP
1988-01-01,5073.372,GDP
1988-04-01,5190.036,GDP
1988-07-01,5282.835,GDP
1988-10-01,5399.509,GDP
1989-01-01,5511.253,GDP
1989-04-01,5612.463,GDP
1989-07-01,5695.365,GDP
1989-10-01,5747.237,GDP
1990-01-01,5872.701,GDP
1990-04-01,5960.028,GDP
1990-07-01,6015.116,GDP
1990-10-01,6004.733,GDP
1991-01-01,6035.178,GDP
1991-04-01,6126.862,GDP
1991-07-01,6205.937,GDP
1991-10-01,6264.54,GDP
1992-01-01,6363.102,GDP
1992-04-01,6470.763,GDP
1992-07-01,6566.641,GDP
1992-10-01,6680.803,GDP
1993-01-01,6729.459,GDP
1993-04-01,6808.939,GDP
1993-07-01,6882.098,GDP
1993-10-01,7013.738,GDP
1994-01-01,7115.652,GDP
1994-04-01,7246.931,GDP
1994-07-01,7331.075,GDP
1994-10-01,7455.288,GDP
1995-01-01,7522.289,GDP
1995-04-01,7580.997,GDP
1995-07-01,7683.125,GDP
1995-10-01,7772.586,GDP
1996-01-01,7868.468,GDP
1996-04-01,8032.84,GDP
1996-07-01,8131.408,GDP
1996-10-01,8259.771,GDP
1997-01-01,8362.655,GDP
1997-04-01,8518.825,GDP
1997-07-01,8662.823,GDP
1997-10-01,8765.907,GDP
1998-01-01,8866.48,GDP
1998-04-01,8969.699,GDP
1998-07-01,9121.097,GDP
1998-10-01,9293.991,GDP
1999-01-01,9411.682,GDP
1999-04-01,9526.21,GDP
1999-07-01,9686.626,GDP
1999-10-01,9900.169,GDP
2000-01-01,10002.179,GDP
2000-04-01,10247.72,GDP
2000-07-01,10318.165,GDP
2000-10-01,10435.744,GDP
2001-01-01,10470.231,GDP
2001-04-01,10599.0,GDP
2001-07-01,10598.02,GDP
2001-10-01,10660.465,GDP
2002-01-01,10783.5,GDP
2002-04-01,10887.46,GDP
2002-07-01,10984.04,GDP
2002-10-01,11061.433,GDP
2003-01-01,11174.129,GDP
2003-04-01,11312.766,GDP
2003-07-01,11566.669,GDP
2003-10-01,11772.234,GDP
2004-01-01,11923.447,GDP
2004-04-01,12112.815,GDP
2004-07-01,12305.307,GDP
2004-10-01,12527.214,GDP
2005-01-01,12767.286,GDP
2005-04-01,12922.656,GDP
2005-07-01,13142.642,GDP
2005-10-01,13324.204,GDP
2006-01-01,13599.16,GDP
2006-04-01,13753.424,GDP
2006-07-01,13870.188,GDP
2006-10-01,14039.56,GDP
2007-01-01,14215.651,GDP
2007-04-01,14402.082,GDP
2007-07-01,14564.117,GDP
2007-10-01,14715.058,GDP
2008-01-01,14706.538,GDP
2008-04-01,14865.701,GDP
2008-07-01,14898.999,GDP
2008-10-01,14608.209,GDP
2009-01-01,14430.902,GDP
2009-04-01,14381.236,GDP
2009-07-01,14448.882,GDP
2009-10-01,14651.249,GDP
2010-01-01,14764.61,GDP
2010-04-01,14980.193,GDP
2010-07-01,15141.607,GDP
2010-10-01,15309.474,GDP
2011-01-01,15351.448,GDP
2011-04-01,15557.539,GDP
2011-07-01,15647.68,GDP
2011-10-01,15842.259,GDP
2012-01-01,16068.805,GDP
2012-04-01,16207.115,GDP
2012-07-01,16319.541,GDP
2012-10-01,16420.419,GDP
2013-01-01,16648.189,GDP
2013-04-01,16728.687,GDP
2013-07-01,16953.838,GDP
2013-10-01,17192.019,GDP
2014-01-01,17197.738,GDP
2014-04-01,17518.508,GDP
2014-07-01,17804.228,GDP
2014-10-01,17912.079,GDP
2015-01-01,18063.529,GDP
2015-04-01,18279.784,GDP
2015-07-01,18401.626,GDP
2015-10-01,18435.137,GDP
2016-01-01,18525.933,GDP
2016-04-01,18711.702,GDP
2016-07-01,18892.639,GDP
2016-10-01,19089.379,GDP
2017-01-01,19280.084,GDP
2017-04-01,19438.643,GDP
2017-07-01,19692.595,GDP
2017-10-01,20037.088,GDP
2018-01-01,20328.553,GDP
2018-04-01,20580.912,GDP
2018-07-01,20798.73,GDP
2018-10-01,20917.867,GDP
2019-01-01,21111.6,GDP
2019-04-01,21397.938,GDP
2019-07-01,21717.171,GDP
2019-10-01,21933.217,GDP
2020-01-01,21751.238,GDP
2020-04-01,19958.291,GDP
2020-07-01,21704.437,GDP
2020-10-01,22087.16,GDP
2021-01-01,22680.693,GDP
2021-04-01,23425.91,GDP
2021-07-01,23982.379,GDP
2021-10-01,24813.6,GDP
2022-01-01,25250.347,GDP
2022-04-01,25861.292,GDP
2022-07-01,26336.304,GDP
2022-10-01,26770.514,GDP
2023-01-01,27216.445,GDP
2023-04-01,27530.055,GDP
2023-07-01,28074.846,GDP
2023-10-01,28424.722,GDP
2024-01-01,28708.161,GDP
2024-04-01,29147.044,GDP
2024-07-01,29511.664,GDP
2024-10-01,29825.182,GDP
2025-01-01,30042.113,GDP
2025-04-01,30485.729,GDP
2025-07-01,31098.027,GDP
2025-10-01,31442.483,GDP
1947-01-01,21.48,CPIAUCSL
1947-02-01,21.62,CPIAUCSL
1947-03-01,22.0,CPIAUCSL
1947-04-01,22.0,CPIAUCSL
1947-05-01,21.95,CPIAUCSL
1947-06-01,22.08,CPIAUCSL
1947-07-01,22.23,CPIAUCSL
1947-08-01,22.4,CPIAUCSL
1947-09-01,22.84,CPIAUCSL
1947-10-01,22.91,CPIAUCSL
1947-11-01,23.06,CPIAUCSL
1947-12-01,23.41,CPIAUCSL
1948-01-01,23.68,CPIAUCSL
1948-02-01,23.67,CPIAUCSL
1948-03-01,23.5,CPIAUCSL
1948-04-01,23.82,CPIAUCSL
1948-05-01,24.01,CPIAUCSL
1948-06-01,24.15,CPIAUCSL
1948-07-01,24.4,CPIAUCSL
1948-08-01,24.43,CPIAUCSL
1948-09-01,24.36,CPIAUCSL
1948-10-01,24.31,CPIAUCSL
1948-11-01,24.16,CPIAUCSL
1948-12-01,24.05,CPIAUCSL
1949-01-01,24.01,CPIAUCSL
1949-02-01,23.91,CPIAUCSL
1949-03-01,23.91,CPIAUCSL
1949-04-01,23.92,CPIAUCSL
1949-05-01,23.91,CPIAUCSL
1949-06-01,23.92,CPIAUCSL
1949-07-01,23.7,CPIAUCSL
1949-08-01,23.7,CPIAUCSL
1949-09-01,23.75,CPIAUCSL
1949-10-01,23.67,CPIAUCSL
1949-11-01,23.7,CPIAUCSL
1949-12-01,23.61,CPIAUCSL
1950-01-01,23.51,CPIAUCSL
1950-02-01,23.61,CPIAUCSL
1950-03-01,23.64,CPIAUCSL
1950-04-01,23.65,CPIAUCSL
1950-05-01,23.77,CPIAUCSL
1950-06-01,23.88,CPIAUCSL
1950-07-01,24.07,CPIAUCSL
1950-08-01,24.2,CPIAUCSL
1950-09-01,24.34,CPIAUCSL
1950-10-01,24.5,CPIAUCSL
1950-11-01,24.6,CPIAUCSL
1950-12-01,24.98,CPIAUCSL
1951-01-01,25.38,CPIAUCSL
1951-02-01,25.83,CPIAUCSL
1951-03-01,25.88,CPIAUCSL
1951-04-01,25.92,CPIAUCSL
1951-05-01,25.99,CPIAUCSL
1951-06-01,25.93,CPIAUCSL
1951-07-01,25.91,CPIAUCSL
1951-08-01,25.86,CPIAUCSL
1951-09-01,26.03,CPIAUCSL
1951-10-01,26.16,CPIAUCSL
1951-11-01,26.32,CPIAUCSL
1951-12-01,26.47,CPIAUCSL
1952-01-01,26.45,CPIAUCSL
1952-02-01,26.41,CPIAUCSL
1952-03-01,26.39,CPIAUCSL
1952-04-01,26.46,CPIAUCSL
1952-05-01,26.47,CPIAUCSL
1952-06-01,26.53,CPIAUCSL
1952-07-01,26.68,CPIAUCSL
1952-08-01,26.69,CPIAUCSL
1952-09-01,26.63,CPIAUCSL
1952-10-01,26.69,CPIAUCSL
1952-11-01,26.69,CPIAUCSL
1952-12-01,26.71,CPIAUCSL
1953-01-01,26.64,CPIAUCSL
1953-02-01,26.59,CPIAUCSL
1953-03-01,26.63,CPIAUCSL
1953-04-01,26.69,CPIAUCSL
1953-05-01,26.7,CPIAUCSL
1953-06-01,26.77,CPIAUCSL
1953-07-01,26.79,CPIAUCSL
1953-08-01,26.85,CPIAUCSL
1953-09-01,26.89,CPIAUCSL
1953-10-01,26.95,CPIAUCSL
1953-11-01,26.85,CPIAUCSL
1953-12-01,26.87,CPIAUCSL
1954-01-01,26.94,CPIAUCSL
1954-02-01,26.99,CPIAUCSL
1954-03-01,26.93,CPIAUCSL
1954-04-01,26.86,CPIAUCSL
1954-05-01,26.93,CPIAUCSL
1954-06-01,26.94,CPIAUCSL
1954-07-01,26.86,CPIAUCSL
1954-08-01,26.85,CPIAUCSL
1954-09-01,26.81,CPIAUCSL
1954-10-01,26.72,CPIAUCSL
1954-11-01,26.78,CPIAUCSL
1954-12-01,26.77,CPIAUCSL
1955-01-01,26.77,CPIAUCSL
1955-02-01,26.82,CPIAUCSL
1955-03-01,26.79,CPIAUCSL
1955-04-01,26.79,CPIAUCSL
1955-05-01,26.77,CPIAUCSL
1955-06-01,26.71,CPIAUCSL
1955-07-01,26.76,CPIAUCSL
1955-08-01,26.72,CPIAUCSL
1955-09-01,26.85,CPIAUCSL
1955-10-01,26.82,CPIAUCSL
1955-11-01,26.88,CPIAUCSL
1955-12-01,26.87,CPIAUCSL
1956-01-01,26.83,CPIAUCSL
1956-02-01,26.86,CPIAUCSL
1956-03-01,26.89,CPIAUCSL
1956-04-01,26.93,CPIAUCSL
1956-05-01,27.03,CPIAUCSL
1956-06-01,27.15,CPIAUCSL
1956-07-01,27.29,CPIAUCSL
1956-08-01,27.31,CPIAUCSL
1956-09-01,27.35,CPIAUCSL
1956-10-01,27.51,CPIAUCSL
1956-11-01,27.51,CPIAUCSL
1956-12-01,27.63,CPIAUCSL
1957-01-01,27.67,CPIAUCSL
1957-02-01,27.8,CPIAUCSL
1957-03-01,27.86,CPIAUCSL
1957-04-01,27.93,CPIAUCSL
1957-05-01,28.0,CPIAUCSL
1957-06-01,28.11,CPIAUCSL
1957-07-01,28.19,CPIAUCSL
1957-08-01,28.28,CPIAUCSL
1957-09-01,28.32,CPIAUCSL
1957-10-01,28.32,CPIAUCSL
1957-11-01,28.41,CPIAUCSL
1957-12-01,28.47,CPIAUCSL
1958-01-01,28.64,CPIAUCSL
1958-02-01,28.7,CPIAUCSL
1958-03-01,28.87,CPIAUCSL
1958-04-01,28.94,CPIAUCSL
1958-05-01,28.94,CPIAUCSL
1958-06-01,28.91,CPIAUCSL
1958-07-01,28.89,CPIAUCSL
1958-08-01,28.94,CPIAUCSL
1958-09-01,28.91,CPIAUCSL
1958-10-01,28.91,CPIAUCSL
1958-11-01,28.95,CPIAUCSL
1958-12-01,28.97,CPIAUCSL
1959-01-01,29.01,CPIAUCSL
1959-02-01,29.0,CPIAUCSL
1959-03-01,28.97,CPIAUCSL
1959-04-01,28.98,CPIAUCSL
1959-05-01,29.04,CPIAUCSL
1959-06-01,29.11,CPIAUCSL
1959-07-01,29.15,CPIAUCSL
1959-08-01,29.18,CPIAUCSL
1959-09-01,29.25,CPIAUCSL
1959-10-01,29.35,CPIAUCSL
1959-11-01,29.35,CPIAUCSL
1959-12-01,29.41,CPIAUCSL
1960-01-01,29.37,CPIAUCSL
1960-02-01,29.41,CPIAUCSL
1960-03-01,29.41,CPIAUCSL
1960-04-01,29.54,CPIAUCSL
1960-05-01,29.57,CPIAUCSL
1960-06-01,29.61,CPIAUCSL
1960-07-01,29.55,CPIAUCSL
1960-08-01,29.61,CPIAUCSL
1960-09-01,29.61,CPIAUCSL
1960-10-01,29.75,CPIAUCSL
1960-11-01,29.78,CPIAUCSL
1960-12-01,29.81,CPIAUCSL
1961-01-01,29.84,CPIAUCSL
1961-02-01,29.84,CPIAUCSL
1961-03-01,29.84,CPIAUCSL
1961-04-01,29.81,CPIAUCSL
1961-05-01,29.84,CPIAUCSL
1961-06-01,29.84,CPIAUCSL
1961-07-01,29.92,CPIAUCSL
1961-08-01,29.94,CPIAUCSL
1961-09-01,29.98,CPIAUCSL
1961-10-01,29.98,CPIAUCSL
1961-11-01,29.98,CPIAUCSL
1961-12-01,30.01,CPIAUCSL
1962-01-01,30.04,CPIAUCSL
1962-02-01,30.11,CPIAUCSL
1962-03-01,30.17,CPIAUCSL
1962-04-01,30.21,CPIAUCSL
1962-05-01,30.24,CPIAUCSL
1962-06-01,30.21,CPIAUCSL
1962-07-01,30.22,CPIAUCSL
1962-08-01,30.28,CPIAUCSL
1962-09-01,30.42,CPIAUCSL
1962-10-01,30.38,CPIAUCSL
1962-11-01,30.38,CPIAUCSL
1962-12-01,30.38,CPIAUCSL
1963-01-01,30.44,CPIAUCSL
1963-02-01,30.48,CPIAUCSL
1963-03-01,30.51,CPIAUCSL
1963-04-01,30.48,CPIAUCSL
1963-05-01,30.51,CPIAUCSL
1963-06-01,30.61,CPIAUCSL
1963-07-01,30.69,CPIAUCSL
1963-08-01,30.75,CPIAUCSL
1963-09-01,30.72,CPIAUCSL
1963-10-01,30.75,CPIAUCSL
1963-11-01,30.78,CPIAUCSL
1963-12-01,30.88,CPIAUCSL
1964-01-01,30.94,CPIAUCSL
1964-02-01,30.91,CPIAUCSL
1964-03-01,30.94,CPIAUCSL
1964-04-01,30.95,CPIAUCSL
1964-05-01,30.98,CPIAUCSL
1964-06-01,31.01,CPIAUCSL
1964-07-01,31.02,CPIAUCSL
1964-08-01,31.05,CPIAUCSL
1964-09-01,31.08,CPIAUCSL
1964-10-01,31.12,CPIAUCSL
1964-11-01,31.21,CPIAUCSL
1964-12-01,31.25,CPIAUCSL
1965-01-01,31.28,CPIAUCSL
1965-02-01,31.28,CPIAUCSL
1965-03-01,31.31,CPIAUCSL
1965-04-01,31.38,CPIAUCSL
1965-05-01,31.48,CPIAUCSL
1965-06-01,31.61,CPIAUCSL
1965-07-01,31.58,CPIAUCSL
1965-08-01,31.55,CPIAUCSL
1965-09-01,31.62,CPIAUCSL
1965-10-01,31.65,CPIAUCSL
1965-11-01,31.75,CPIAUCSL
1965-12-01,31.85,CPIAUCSL
1966-01-01,31.88,CPIAUCSL
1966-02-01,32.08,CPIAUCSL
1966-03-01,32.18,CPIAUCSL
1966-04-01,32.28,CPIAUCSL
1966-05-01,32.35,CPIAUCSL
1966-06-01,32.38,CPIAUCSL
1966-07-01,32.45,CPIAUCSL
1966-08-01,32.65,CPIAUCSL
1966-09-01,32.75,CPIAUCSL
1966-10-01,32.85,CPIAUCSL
1966-11-01,32.88,CPIAUCSL
1966-12-01,32.92,CPIAUCSL
1967-01-01,32.9,CPIAUCSL
1967-02-01,33.0,CPIAUCSL
1967-03-01,33.0,CPIAUCSL
1967-04-01,33.1,CPIAUCSL
1967-05-01,33.1,CPIAUCSL
1967-06-01,33.3,CPIAUCSL
1967-07-01,33.4,CPIAUCSL
1967-08-01,33.5,CPIAUCSL
1967-09-01,33.6,CPIAUCSL
1967-10-01,33.7,CPIAUCSL
1967-11-01,33.9,CPIAUCSL
1967-12-01,34.0,CPIAUCSL
1968-01-01,34.1,CPIAUCSL
1968-02-01,34.2,CPIAUCSL
1968-03-01,34.3,CPIAUCSL
1968-04-01,34.4,CPIAUCSL
1968-05-01,34.5,CPIAUCSL
1968-06-01,34.7,CPIAUCSL
1968-07-01,34.9,CPIAUCSL
1968-08-01,35.0,CPIAUCSL
1968-09-01,35.1,CPIAUCSL
1968-10-01,35.3,CPIAUCSL
1968-11-01,35.4,CPIAUCSL
1968-12-01,35.6,CPIAUCSL
1969-01-01,35.7,CPIAUCSL
1969-02-01,35.8,CPIAUCSL
1969-03-01,36.1,CPIAUCSL
1969-04-01,36.3,CPIAUCSL
1969-05-01,36.4,CPIAUCSL
1969-06-01,36.6,CPIAUCSL
1969-07-01,36.8,CPIAUCSL
1969-08-01,36.9,CPIAUCSL
1969-09-01,37.1,CPIAUCSL
1969-10-01,37.3,CPIAUCSL
1969-11-01,37.5,CPIAUCSL
1969-12-01,37.7,CPIAUCSL
1970-01-01,37.9,CPIAUCSL
1970-02-01,38.1,CPIAUCSL
1970-03-01,38.3,CPIAUCSL
1970-04-01,38.5,CPIAUCSL
1970-05-01,38.6,CPIAUCSL
1970-06-01,38.8,CPIAUCSL
1970-07-01,38.9,CPIAUCSL
1970-08-01,39.0,CPIAUCSL
1970-09-01,39.2,CPIAUCSL
1970-10-01,39.4,CPIAUCSL
1970-11-01,39.6,CPIAUCSL
1970-12-01,39.8,CPIAUCSL
1971-01-01,39.9,CPIAUCSL
1971-02-01,39.9,CPIAUCSL
1971-03-01,40.0,CPIAUCSL
1971-04-01,40.1,CPIAUCSL
1971-05-01,40.3,CPIAUCSL
1971-06-01,40.5,CPIAUCSL
1971-07-01,40.6,CPIAUCSL
1971-08-01,40.7,CPIAUCSL
1971-09-01,40.8,CPIAUCSL
1971-10-01,40.9,CPIAUCSL
1971-11-01,41.0,CPIAUCSL
1971-12-01,41.1,CPIAUCSL
1972-01-01,41.2,CPIAUCSL
1972-02-01,41.4,CPIAUCSL
1972-03-01,41.4,CPIAUCSL
1972-04-01,41.5,CPIAUCSL
1972-05-01,41.6,CPIAUCSL
1972-06-01,41.7,CPIAUCSL
1972-07-01,41.8,CPIAUCSL
1972-08-01,41.9,CPIAUCSL
1972-09-01,42.1,CPIAUCSL
1972-10-01,42.2,CPIAUCSL
1972-11-01,42.4,CPIAUCSL
1972-12-01,42.5,CPIAUCSL
1973-01-01,42.7,CPIAUCSL
1973-02-01,43.0,CPIAUCSL
1973-03-01,43.4,CPIAUCSL
1973-04-01,43.7,CPIAUCSL
1973-05-01,43.9,CPIAUCSL
1973-06-01,44.2,CPIAUCSL
1973-07-01,44.2,CPIAUCSL
1973-08-01,45.0,CPIAUCSL
1973-09-01,45.2,CPIAUCSL
1973-10-01,45.6,CPIAUCSL
1973-11-01,45.9,CPIAUCSL
1973-12-01,46.3,CPIAUCSL
1974-01-01,46.8,CPIAUCSL
1974-02-01,47.3,CPIAUCSL
1974-03-01,47.8,CPIAUCSL
1974-04-01,48.1,CPIAUCSL
1974-05-01,48.6,CPIAUCSL
1974-06-01,49.0,CPIAUCSL
1974-07-01,49.3,CPIAUCSL
1974-08-01,49.9,CPIAUCSL
1974-09-01,50.6,CPIAUCSL
1974-10-01,51.0,CPIAUCSL
1974-11-01,51.5,CPIAUCSL
1974-12-01,51.9,CPIAUCSL
1975-01-01,52.3,CPIAUCSL
1975-02-01,52.6,CPIAUCSL
1975-03-01,52.8,CPIAUCSL
1975-04-01,53.0,CPIAUCSL
1975-05-01,53.1,CPIAUCSL
1975-06-01,53.5,CPIAUCSL
1975-07-01,54.0,CPIAUCSL
1975-08-01,54.2,CPIAUCSL
1975-09-01,54.6,CPIAUCSL
1975-10-01,54.9,CPIAUCSL
1975-11-01,55.3,CPIAUCSL
1975-12-01,55.6,CPIAUCSL
1976-01-01,55.8,CPIAUCSL
1976-02-01,55.9,CPIAUCSL
1976-03-01,56.0,CPIAUCSL
1976-04-01,56.1,CPIAUCSL
1976-05-01,56.4,CPIAUCSL
1976-06-01,56.7,CPIAUCSL
1976-07-01,57.0,CPIAUCSL
1976-08-01,57.3,CPIAUCSL
1976-09-01,57.6,CPIAUCSL
1976-10-01,57.9,CPIAUCSL
1976-11-01,58.1,CPIAUCSL
1976-12-01,58.4,CPIAUCSL
1977-01-01,58.7,CPIAUCSL
1977-02-01,59.3,CPIAUCSL
1977-03-01,59.6,CPIAUCSL
1977-04-01,60.0,CPIAUCSL
1977-05-01,60.2,CPIAUCSL
1977-06-01,60.5,CPIAUCSL
1977-07-01,60.8,CPIAUCSL
1977-08-01,61.1,CPIAUCSL
1977-09-01,61.3,CPIAUCSL
1977-10-01,61.6,CPIAUCSL
1977-11-01,62.0,CPIAUCSL
1977-12-01,62.3,CPIAUCSL
1978-01-01,62.7,CPIAUCSL
1978-02-01,63.0,CPIAUCSL
1978-03-01,63.4,CPIAUCSL
1978-04-01,63.9,CPIAUCSL
1978-05-01,64.5,CPIAUCSL
1978-06-01,65.0,CPIAUCSL
1978-07-01,65.5,CPIAUCSL
1978-08-01,65.9,CPIAUCSL
1978-09-01,66.5,CPIAUCSL
1978-10-01,67.1,CPIAUCSL
1978-11-01,67.5,CPIAUCSL
1978-12-01,67.9,CPIAUCSL
1979-01-01,68.5,CPIAUCSL
1979-02-01,69.2,CPIAUCSL
1979-03-01,69.9,CPIAUCSL
1979-04-01,70.6,CPIAUCSL
1979-05-01,71.4,CPIAUCSL
1979-06-01,72.2,CPIAUCSL
1979-07-01,73.0,CPIAUCSL
1979-08-01,73.7,CPIAUCSL
1979-09-01,74.4,CPIAUCSL
1979-10-01,75.2,CPIAUCSL
1979-11-01,76.0,CPIAUCSL
1979-12-01,76.9,CPIAUCSL
1980-01-01,78.0,CPIAUCSL
1980-02-01,79.0,CPIAUCSL
1980-03-01,80.1,CPIAUCSL
1980-04-01,80.9,CPIAUCSL
1980-05-01,81.7,CPIAUCSL
1980-06-01,82.5,CPIAUCSL
1980-07-01,82.6,CPIAUCSL
1980-08-01,83.2,CPIAUCSL
1980-09-01,83.9,CPIAUCSL
1980-10-01,84.7,CPIAUCSL
1980-11-01,85.6,CPIAUCSL
1980-12-01,86.4,CPIAUCSL
1981-01-01,87.2,CPIAUCSL
1981-02-01,88.0,CPIAUCSL
1981-03-01,88.6,CPIAUCSL
1981-04-01,89.1,CPIAUCSL
1981-05-01,89.7,CPIAUCSL
1981-06-01,90.5,CPIAUCSL
1981-07-01,91.5,CPIAUCSL
1981-08-01,92.2,CPIAUCSL
1981-09-01,93.1,CPIAUCSL
1981-10-01,93.4,CPIAUCSL
1981-11-01,93.8,CPIAUCSL
1981-12-01,94.1,CPIAUCSL
1982-01-01,94.4,CPIAUCSL
1982-02-01,94.7,CPIAUCSL
1982-03-01,94.7,CPIAUCSL
1982-04-01,95.0,CPIAUCSL
1982-05-01,95.9,CPIAUCSL
1982-06-01,97.0,CPIAUCSL
1982-07-01,97.5,CPIAUCSL
1982-08-01,97.7,CPIAUCSL
1982-09-01,97.7,CPIAUCSL
1982-10-01,98.1,CPIAUCSL
1982-11-01,98.0,CPIAUCSL
1982-12-01,97.7,CPIAUCSL
1983-01-01,97.9,CPIAUCSL
1983-02-01,98.0,CPIAUCSL
1983-03-01,98.1,CPIAUCSL
1983-04-01,98.8,CPIAUCSL
1983-05-01,99.2,CPIAUCSL
1983-06-01,99.4,CPIAUCSL
1983-07-01,99.8,CPIAUCSL
1983-08-01,100.1,CPIAUCSL
1983-09-01,100.4,CPIAUCSL
1983-10-01,100.8,CPIAUCSL
1983-11-01,101.1,CPIAUCSL
1983-12-01,101.4,CPIAUCSL
1984-01-01,102.1,CPIAUCSL
1984-02-01,102.6,CPIAUCSL
1984-03-01,102.9,CPIAUCSL
1984-04-01,103.3,CPIAUCSL
1984-05-01,103.5,CPIAUCSL
1984-06-01,103.7,CPIAUCSL
1984-07-01,104.1,CPIAUCSL
1984-08-01,104.4,CPIAUCSL
1984-09-01,104.7,CPIAUCSL
1984-10-01,105.1,CPIAUCSL
1984-11-01,105.3,CPIAUCSL
1984-12-01,105.5,CPIAUCSL
1985-01-01,105.7,CPIAUCSL
1985-02-01,106.3,CPIAUCSL
1985-03-01,106.8,CPIAUCSL
1985-04-01,107.0,CPIAUCSL
1985-05-01,107.2,CPIAUCSL
1985-06-01,107.5,CPIAUCSL
1985-07-01,107.7,CPIAUCSL
1985-08-01,107.9,CPIAUCSL
1985-09-01,108.1,CPIAUCSL
1985-10-01,108.5,CPIAUCSL
1985-11-01,109.0,CPIAUCSL
1985-12-01,109.5,CPIAUCSL
1986-01-01,109.9,CPIAUCSL
1986-02-01,109.7,CPIAUCSL
1986-03-01,109.1,CPIAUCSL
1986-04-01,108.7,CPIAUCSL
1986-05-01,109.0,CPIAUCSL
1986-06-01,109.4,CPIAUCSL
1986-07-01,109.5,CPIAUCSL
1986-08-01,109.6,CPIAUCSL
1986-09-01,110.0,CPIAUCSL
1986-10-01,110.2,CPIAUCSL
1986-11-01,110.4,CPIAUCSL
1986-12-01,110.8,CPIAUCSL
1987-01-01,111.4,CPIAUCSL
1987-02-01,111.8,CPIAUCSL
1987-03-01,112.2,CPIAUCSL
1987-04-01,112.7,CPIAUCSL
1987-05-01,113.0,CPIAUCSL
1987-06-01,113.5,CPIAUCSL
1987-07-01,113.8,CPIAUCSL
1987-08-01,114.3,CPIAUCSL
1987-09-01,114.7,CPIAUCSL
1987-10-01,115.0,CPIAUCSL
1987-11-01,115.4,CPIAUCSL
1987-12-01,115.6,CPIAUCSL
1988-01-01,116.0,CPIAUCSL
1988-02-01,116.2,CPIAUCSL
1988-03-01,116.5,CPIAUCSL
1988-04-01,117.2,CPIAUCSL
1988-05-01,117.5,CPIAUCSL
1988-06-01,118.0,CPIAUCSL
1988-07-01,118.5,CPIAUCSL
1988-08-01,119.0,CPIAUCSL
1988-09-01,119.5,CPIAUCSL
1988-10-01,119.9,CPIAUCSL
1988-11-01,120.3,CPIAUCSL
1988-12-01,120.7,CPIAUCSL
1989-01-01,121.2,CPIAUCSL
1989-02-01,121.6,CPIAUCSL
1989-03-01,122.2,CPIAUCSL
1989-04-01,123.1,CPIAUCSL
1989-05-01,123.7,CPIAUCSL
1989-06-01,124.1,CPIAUCSL
1989-07-01,124.5,CPIAUCSL
1989-08-01,124.5,CPIAUCSL
1989-09-01,124.8,CPIAUCSL
1989-10-01,125.4,CPIAUCSL
1989-11-01,125.9,CPIAUCSL
1989-12-01,126.3,CPIAUCSL
1990-01-01,127.5,CPIAUCSL
1990-02-01,128.0,CPIAUCSL
1990-03-01,128.6,CPIAUCSL
1990-04-01,128.9,CPIAUCSL
1990-05-01,129.1,CPIAUCSL
1990-06-01,129.9,CPIAUCSL
1990-07-01,130.5,CPIAUCSL
1990-08-01,131.6,CPIAUCSL
1990-09-01,132.5,CPIAUCSL
1990-10-01,133.4,CPIAUCSL
1990-11-01,133.7,CPIAUCSL
1990-12-01,134.2,CPIAUCSL
1991-01-01,134.7,CPIAUCSL
1991-02-01,134.8,CPIAUCSL
1991-03-01,134.8,CPIAUCSL
1991-04-01,135.1,CPIAUCSL
1991-05-01,135.6,CPIAUCSL
1991-06-01,136.0,CPIAUCSL
1991-07-01,136.2,CPIAUCSL
1991-08-01,136.6,CPIAUCSL
1991-09-01,137.0,CPIAUCSL
1991-10-01,137.2,CPIAUCSL
1991-11-01,137.8,CPIAUCSL
1991-12-01,138.2,CPIAUCSL
1992-01-01,138.3,CPIAUCSL
1992-02-01,138.6,CPIAUCSL
1992-03-01,139.1,CPIAUCSL
1992-04-01,139.4,CPIAUCSL
1992-05-01,139.7,CPIAUCSL
1992-06-01,140.1,CPIAUCSL
1992-07-01,140.5,CPIAUCSL
1992-08-01,140.8,CPIAUCSL
1992-09-01,141.1,CPIAUCSL
1992-10-01,141.7,CPIAUCSL
1992-11-01,142.1,CPIAUCSL
1992-12-01,142.3,CPIAUCSL
1993-01-01,142.8,CPIAUCSL
1993-02-01,143.1,CPIAUCSL
1993-03-01,143.3,CPIAUCSL
1993-04-01,143.8,CPIAUCSL
1993-05-01,144.2,CPIAUCSL
1993-06-01,144.3,CPIAUCSL
1993-07-01,144.5,CPIAUCSL
1993-08-01,144.8,CPIAUCSL
1993-09-01,145.0,CPIAUCSL
1993-10-01,145.6,CPIAUCSL
1993-11-01,146.0,CPIAUCSL
1993-12-01,146.3,CPIAUCSL
1994-01-01,146.3,CPIAUCSL
1994-02-01,146.7,CPIAUCSL
1994-03-01,147.1,CPIAUCSL
1994-04-01,147.2,CPIAUCSL
1994-05-01,147.5,CPIAUCSL
1994-06-01,147.9,CPIAUCSL
1994-07-01,148.4,CPIAUCSL
1994-08-01,149.0,CPIAUCSL
1994-09-01,149.3,CPIAUCSL
1994-10-01,149.4,CPIAUCSL
1994-11-01,149.8,CPIAUCSL
1994-12-01,150.1,CPIAUCSL
1995-01-01,150.5,CPIAUCSL
1995-02-01,150.9,CPIAUCSL
1995-03-01,151.2,CPIAUCSL
1995-04-01,151.8,CPIAUCSL
1995-05-01,152.1,CPIAUCSL
1995-06-01,152.4,CPIAUCSL
1995-07-01,152.6,CPIAUCSL
1995-08-01,152.9,CPIAUCSL
1995-09-01,153.1,CPIAUCSL
1995-10-01,153.5,CPIAUCSL
1995-11-01,153.7,CPIAUCSL
1995-12-01,153.9,CPIAUCSL
1996-01-01,154.7,CPIAUCSL
1996-02-01,155.0,CPIAUCSL
1996-03-01,155.5,CPIAUCSL
1996-04-01,156.1,CPIAUCSL
1996-05-01,156.4,CPIAUCSL
1996-06-01,156.7,CPIAUCSL
1996-07-01,157.0,CPIAUCSL
1996-08-01,157.2,CPIAUCSL
1996-09-01,157.7,CPIAUCSL
1996-10-01,158.2,CPIAUCSL
1996-11-01,158.7,CPIAUCSL
1996-12-01,159.1,CPIAUCSL
1997-01-01,159.4,CPIAUCSL
1997-02-01,159.7,CPIAUCSL
1997-03-01,159.8,CPIAUCSL
1997-04-01,159.9,CPIAUCSL
1997-05-01,159.9,CPIAUCSL
1997-06-01,160.2,CPIAUCSL
1997-07-01,160.4,CPIAUCSL
1997-08-01,160.8,CPIAUCSL
1997-09-01,161.2,CPIAUCSL
1997-10-01,161.5,CPIAUCSL
1997-11-01,161.7,CPIAUCSL
1997-12-01,161.8,CPIAUCSL
1998-01-01,162.0,CPIAUCSL
1998-02-01,162.0,CPIAUCSL
1998-03-01,162.0,CPIAUCSL
1998-04-01,162.2,CPIAUCSL
1998-05-01,162.6,CPIAUCSL
1998-06-01,162.8,CPIAUCSL
1998-07-01,163.2,CPIAUCSL
1998-08-01,163.4,CPIAUCSL
1998-09-01,163.5,CPIAUCSL
1998-10-01,163.9,CPIAUCSL
1998-11-01,164.1,CPIAUCSL
1998-12-01,164.4,CPIAUCSL
1999-01-01,164.7,CPIAUCSL
1999-02-01,164.7,CPIAUCSL
1999-03-01,164.8,CPIAUCSL
1999-04-01,165.9,CPIAUCSL
1999-05-01,166.0,CPIAUCSL
1999-06-01,166.0,CPIAUCSL
1999-07-01,166.7,CPIAUCSL
1999-08-01,167.1,CPIAUCSL
1999-09-01,167.8,CPIAUCSL
1999-10-01,168.1,CPIAUCSL
1999-11-01,168.4,CPIAUCSL
1999-12-01,168.8,CPIAUCSL
2000-01-01,169.3,CPIAUCSL
2000-02-01,170.0,CPIAUCSL
2000-03-01,171.0,CPIAUCSL
2000-04-01,170.9,CPIAUCSL
2000-05-01,171.2,CPIAUCSL
2000-06-01,172.2,CPIAUCSL
2000-07-01,172.7,CPIAUCSL
2000-08-01,172.7,CPIAUCSL
2000-09-01,173.6,CPIAUCSL
2000-10-01,173.9,CPIAUCSL
2000-11-01,174.2,CPIAUCSL
2000-12-01,174.6,CPIAUCSL
2001-01-01,175.6,CPIAUCSL
2001-02-01,176.0,CPIAUCSL
2001-03-01,176.1,CPIAUCSL
2001-04-01,176.4,CPIAUCSL
2001-05-01,177.3,CPIAUCSL
2001-06-01,177.7,CPIAUCSL
2001-07-01,177.4,CPIAUCSL
2001-08-01,177.4,CPIAUCSL
2001-09-01,178.1,CPIAUCSL
2001-10-01,177.6,CPIAUCSL
2001-11-01,177.5,CPIAUCSL
2001-12-01,177.4,CPIAUCSL
2002-01-01,177.7,CPIAUCSL
2002-02-01,178.0,CPIAUCSL
2002-03-01,178.5,CPIAUCSL
2002-04-01,179.3,CPIAUCSL
2002-05-01,179.5,CPIAUCSL
2002-06-01,179.6,CPIAUCSL
2002-07-01,180.0,CPIAUCSL
2002-08-01,180.5,CPIAUCSL
2002-09-01,180.8,CPIAUCSL
2002-10-01,181.2,CPIAUCSL
2002-11-01,181.5,CPIAUCSL
2002-12-01,181.8,CPIAUCSL
2003-01-01,182.6,CPIAUCSL
2003-02-01,183.6,CPIAUCSL
2003-03-01,183.9,CPIAUCSL
2003-04-01,183.2,CPIAUCSL
2003-05-01,182.9,CPIAUCSL
2003-06-01,183.1,CPIAUCSL
2003-07-01,183.7,CPIAUCSL
2003-08-01,184.5,CPIAUCSL
2003-09-01,185.1,CPIAUCSL
2003-10-01,184.9,CPIAUCSL
2003-11-01,185.0,CPIAUCSL
2003-12-01,185.5,CPIAUCSL
2004-01-01,186.3,CPIAUCSL
2004-02-01,186.7,CPIAUCSL
2004-03-01,187.1,CPIAUCSL
2004-04-01,187.4,CPIAUCSL
2004-05-01,188.2,CPIAUCSL
2004-06-01,188.9,CPIAUCSL
2004-07-01,189.1,CPIAUCSL
2004-08-01,189.2,CPIAUCSL
2004-09-01,189.8,CPIAUCSL
2004-10-01,190.8,CPIAUCSL
2004-11-01,191.7,CPIAUCSL
2004-12-01,191.7,CPIAUCSL
2005-01-01,191.6,CPIAUCSL
2005-02-01,192.4,CPIAUCSL
2005-03-01,193.1,CPIAUCSL
2005-04-01,193.7,CPIAUCSL
2005-05-01,193.6,CPIAUCSL
2005-06-01,193.7,CPIAUCSL
2005-07-01,194.9,CPIAUCSL
2005-08-01,196.1,CPIAUCSL
2005-09-01,198.8,CPIAUCSL
2005-10-01,199.1,CPIAUCSL
2005-11-01,198.1,CPIAUCSL
2005-12-01,198.1,CPIAUCSL
2006-01-01,199.3,CPIAUCSL
2006-02-01,199.4,CPIAUCSL
2006-03-01,199.7,CPIAUCSL
2006-04-01,200.7,CPIAUCSL
2006-05-01,201.3,CPIAUCSL
2006-06-01,201.8,CPIAUCSL
2006-07-01,202.9,CPIAUCSL
2006-08-01,203.8,CPIAUCSL
2006-09-01,202.8,CPIAUCSL
2006-10-01,201.9,CPIAUCSL
2006-11-01,202.0,CPIAUCSL
2006-12-01,203.1,CPIAUCSL
2007-01-01,203.437,CPIAUCSL
2007-02-01,204.226,CPIAUCSL
2007-03-01,205.288,CPIAUCSL
2007-04-01,205.904,CPIAUCSL
2007-05-01,206.755,CPIAUCSL
2007-06-01,207.234,CPIAUCSL
2007-07-01,207.603,CPIAUCSL
2007-08-01,207.667,CPIAUCSL
2007-09-01,208.547,CPIAUCSL
2007-10-01,209.19,CPIAUCSL
2007-11-01,210.834,CPIAUCSL
2007-12-01,211.445,CPIAUCSL
2008-01-01,212.174,CPIAUCSL
2008-02-01,212.687,CPIAUCSL
2008-03-01,213.448,CPIAUCSL
2008-04-01,213.942,CPIAUCSL
2008-05-01,215.208,CPIAUCSL
2008-06-01,217.463,CPIAUCSL
2008-07-01,219.016,CPIAUCSL
2008-08-01,218.69,CPIAUCSL
2008-09-01,218.877,CPIAUCSL
2008-10-01,216.995,CPIAUCSL
2008-11-01,213.153,CPIAUCSL
2008-12-01,211.398,CPIAUCSL
2009-01-01,211.933,CPIAUCSL
2009-02-01,212.705,CPIAUCSL
2009-03-01,212.495,CPIAUCSL
2009-04-01,212.709,CPIAUCSL
2009-05-01,213.022,CPIAUCSL
2009-06-01,214.79,CPIAUCSL
2009-07-01,214.726,CPIAUCSL
2009-08-01,215.445,CPIAUCSL
2009-09-01,215.861,CPIAUCSL
2009-10-01,216.509,CPIAUCSL
2009-11-01,217.234,CPIAUCSL
2009-12-01,217.347,CPIAUCSL
2010-01-01,217.488,CPIAUCSL
2010-02-01,217.281,CPIAUCSL
2010-03-01,217.353,CPIAUCSL
2010-04-01,217.403,CPIAUCSL
2010-05-01,217.29,CPIAUCSL
2010-06-01,217.199,CPIAUCSL
2010-07-01,217.605,CPIAUCSL
2010-08-01,217.923,CPIAUCSL
2010-09-01,218.275,CPIAUCSL
2010-10-01,219.035,CPIAUCSL
2010-11-01,219.59,CPIAUCSL
2010-12-01,220.472,CPIAUCSL
2011-01-01,221.187,CPIAUCSL
2011-02-01,221.898,CPIAUCSL
2011-03-01,223.046,CPIAUCSL
2011-04-01,224.093,CPIAUCSL
2011-05-01,224.806,CPIAUCSL
2011-06-01,224.806,CPIAUCSL
2011-07-01,225.395,CPIAUCSL
2011-08-01,226.106,CPIAUCSL
2011-09-01,226.597,CPIAUCSL
2011-10-01,226.75,CPIAUCSL
2011-11-01,227.169,CPIAUCSL
2011-12-01,227.223,CPIAUCSL
2012-01-01,227.842,CPIAUCSL
2012-02-01,228.329,CPIAUCSL
2012-03-01,228.807,CPIAUCSL
2012-04-01,229.187,CPIAUCSL
2012-05-01,228.713,CPIAUCSL
2012-06-01,228.524,CPIAUCSL
2012-07-01,228.59,CPIAUCSL
2012-08-01,229.918,CPIAUCSL
2012-09-01,231.015,CPIAUCSL
2012-10-01,231.638,CPIAUCSL
2012-11-01,231.249,CPIAUCSL
2012-12-01,231.221,CPIAUCSL
2013-01-01,231.679,CPIAUCSL
2013-02-01,232.937,CPIAUCSL
2013-03-01,232.282,CPIAUCSL
2013-04-01,231.797,CPIAUCSL
2013-05-01,231.893,CPIAUCSL
2013-06-01,232.445,CPIAUCSL
2013-07-01,232.9,CPIAUCSL
2013-08-01,233.456,CPIAUCSL
2013-09-01,233.544,CPIAUCSL
2013-10-01,233.669,CPIAUCSL
2013-11-01,234.1,CPIAUCSL
2013-12-01,234.719,CPIAUCSL
2014-01-01,235.288,CPIAUCSL
2014-02-01,235.547,CPIAUCSL
2014-03-01,236.028,CPIAUCSL
2014-04-01,236.468,CPIAUCSL
2014-05-01,236.918,CPIAUCSL
2014-06-01,237.231,CPIAUCSL
2014-07-01,237.498,CPIAUCSL
2014-08-01,237.46,CPIAUCSL
2014-09-01,237.477,CPIAUCSL
2014-10-01,237.43,CPIAUCSL
2014-11-01,236.983,CPIAUCSL
2014-12-01,236.252,CPIAUCSL
2015-01-01,234.747,CPIAUCSL
2015-02-01,235.342,CPIAUCSL
2015-03-01,235.976,CPIAUCSL
2015-04-01,236.222,CPIAUCSL
2015-05-01,237.001,CPIAUCSL
2015-06-01,237.657,CPIAUCSL
2015-07-01,238.034,CPIAUCSL
2015-08-01,238.033,CPIAUCSL
2015-09-01,237.498,CPIAUCSL
2015-10-01,237.733,CPIAUCSL
2015-11-01,238.017,CPIAUCSL
2015-12-01,237.761,CPIAUCSL
2016-01-01,237.652,CPIAUCSL
2016-02-01,237.336,CPIAUCSL
2016-03-01,238.08,CPIAUCSL
2016-04-01,238.992,CPIAUCSL
2016-05-01,239.557,CPIAUCSL
2016-06-01,240.222,CPIAUCSL
2016-07-01,240.101,CPIAUCSL
2016-08-01,240.545,CPIAUCSL
2016-09-01,241.176,CPIAUCSL
2016-10-01,241.741,CPIAUCSL
2016-11-01,242.026,CPIAUCSL
2016-12-01,242.637,CPIAUCSL
2017-01-01,243.618,CPIAUCSL
2017-02-01,244.006,CPIAUCSL
2017-03-01,243.892,CPIAUCSL
2017-04-01,244.193,CPIAUCSL
2017-05-01,244.004,CPIAUCSL
2017-06-01,244.163,CPIAUCSL
2017-07-01,244.243,CPIAUCSL
2017-08-01,245.183,CPIAUCSL
2017-09-01,246.435,CPIAUCSL
2017-10-01,246.626,CPIAUCSL
2017-11-01,247.284,CPIAUCSL
2017-12-01,247.805,CPIAUCSL
2018-01-01,248.859,CPIAUCSL
2018-02-01,249.529,CPIAUCSL
2018-03-01,249.577,CPIAUCSL
2018-04-01,250.227,CPIAUCSL
2018-05-01,250.792,CPIAUCSL
2018-06-01,251.018,CPIAUCSL
2018-07-01,251.214,CPIAUCSL
2018-08-01,251.663,CPIAUCSL
2018-09-01,252.182,CPIAUCSL
2018-10-01,252.772,CPIAUCSL
2018-11-01,252.594,CPIAUCSL
2018-12-01,252.767,CPIAUCSL
2019-01-01,252.561,CPIAUCSL
2019-02-01,253.319,CPIAUCSL
2019-03-01,254.277,CPIAUCSL
2019-04-01,255.233,CPIAUCSL
2019-05-01,255.296,CPIAUCSL
2019-06-01,255.213,CPIAUCSL
2019-07-01,255.802,CPIAUCSL
2019-08-01,256.036,CPIAUCSL
2019-09-01,256.43,CPIAUCSL
2019-10-01,257.155,CPIAUCSL
2019-11-01,257.879,CPIAUCSL
2019-12-01,258.63,CPIAUCSL
2020-01-01,259.127,CPIAUCSL
2020-02-01,259.25,CPIAUCSL
2020-03-01,258.076,CPIAUCSL
2020-04-01,256.032,CPIAUCSL
2020-05-01,255.802,CPIAUCSL
2020-06-01,257.042,CPIAUCSL
2020-07-01,258.352,CPIAUCSL
2020-08-01,259.316,CPIAUCSL
2020-09-01,259.997,CPIAUCSL
2020-10-01,260.319,CPIAUCSL
2020-11-01,260.911,CPIAUCSL
2020-12-01,262.045,CPIAUCSL
2021-01-01,262.687,CPIAUCSL
2021-02-01,263.579,CPIAUCSL
2021-03-01,264.961,CPIAUCSL
2021-04-01,266.614,CPIAUCSL
2021-05-01,268.383,CPIAUCSL
2021-06-01,270.654,CPIAUCSL
2021-07-01,271.903,CPIAUCSL
2021-08-01,272.676,CPIAUCSL
2021-09-01,273.91,CPIAUCSL
2021-10-01,276.55,CPIAUCSL
2021-11-01,278.919,CPIAUCSL
2021-12-01,280.845,CPIAUCSL
2022-01-01,282.543,CPIAUCSL
2022-02-01,284.5,CPIAUCSL
2022-03-01,287.674,CPIAUCSL
2022-04-01,288.561,CPIAUCSL
2022-05-01,291.298,CPIAUCSL
2022-06-01,294.957,CPIAUCSL
2022-07-01,294.913,CPIAUCSL
2022-08-01,295.097,CPIAUCSL
2022-09-01,296.349,CPIAUCSL
2022-10-01,298.007,CPIAUCSL
2022-11-01,298.786,CPIAUCSL
2022-12-01,298.832,CPIAUCSL
2023-01-01,300.42,CPIAUCSL
2023-02-01,301.45,CPIAUCSL
2023-03-01,301.821,CPIAUCSL
2023-04-01,302.845,CPIAUCSL
2023-05-01,303.334,CPIAUCSL
2023-06-01,304.014,CPIAUCSL
2023-07-01,304.609,CPIAUCSL
2023-08-01,306.082,CPIAUCSL
2023-09-01,307.276,CPIAUCSL
2023-10-01,307.696,CPIAUCSL
2023-11-01,308.148,CPIAUCSL
2023-12-01,308.741,CPIAUCSL
2024-01-01,309.698,CPIAUCSL
2024-02-01,310.967,CPIAUCSL
2024-03-01,312.345,CPIAUCSL
2024-04-01,313.023,CPIAUCSL
2024-05-01,313.175,CPIAUCSL
2024-06-01,313.044,CPIAUCSL
2024-07-01,313.569,CPIAUCSL
2024-08-01,314.062,CPIAUCSL
2024-09-01,314.732,CPIAUCSL
2024-10-01,315.631,CPIAUCSL
2024-11-01,316.528,CPIAUCSL
2024-12-01,317.604,CPIAUCSL
2025-01-01,318.961,CPIAUCSL
2025-02-01,319.679,CPIAUCSL
2025-03-01,319.785,CPIAUCSL
2025-04-01,320.302,CPIAUCSL
2025-05-01,320.62,CPIAUCSL
2025-06-01,321.435,CPIAUCSL
2025-07-01,322.169,CPIAUCSL
2025-08-01,323.291,CPIAUCSL
2025-09-01,324.245,CPIAUCSL
2025-10-01,,CPIAUCSL
2025-11-01,325.063,CPIAUCSL
2025-12-01,326.031,CPIAUCSL
2026-01-01,326.588,CPIAUCSL
2026-02-01,327.46,CPIAUCSL
1948-01-01,3.4,UNRATE
1948-02-01,3.8,UNRATE
1948-03-01,4.0,UNRATE
1948-04-01,3.9,UNRATE
1948-05-01,3.5,UNRATE
1948-06-01,3.6,UNRATE
1948-07-01,3.6,UNRATE
1948-08-01,3.9,UNRATE
1948-09-01,3.8,UNRATE
1948-10-01,3.7,UNRATE
1948-11-01,3.8,UNRATE
1948-12-01,4.0,UNRATE
1949-01-01,4.3,UNRATE
1949-02-01,4.7,UNRATE
1949-03-01,5.0,UNRATE
1949-04-01,5.3,UNRATE
1949-05-01,6.1,UNRATE
1949-06-01,6.2,UNRATE
1949-07-01,6.7,UNRATE
1949-08-01,6.8,UNRATE
1949-09-01,6.6,UNRATE
1949-10-01,7.9,UNRATE
1949-11-01,6.4,UNRATE
1949-12-01,6.6,UNRATE
1950-01-01,6.5,UNRATE
1950-02-01,6.4,UNRATE
1950-03-01,6.3,UNRATE
1950-04-01,5.8,UNRATE
1950-05-01,5.5,UNRATE
1950-06-01,5.4,UNRATE
1950-07-01,5.0,UNRATE
1950-08-01,4.5,UNRATE
1950-09-01,4.4,UNRATE
1950-10-01,4.2,UNRATE
1950-11-01,4.2,UNRATE
1950-12-01,4.3,UNRATE
1951-01-01,3.7,UNRATE
1951-02-01,3.4,UNRATE
1951-03-01,3.4,UNRATE
1951-04-01,3.1,UNRATE
1951-05-01,3.0,UNRATE
1951-06-01,3.2,UNRATE
1951-07-01,3.1,UNRATE
1951-08-01,3.1,UNRATE
1951-09-01,3.3,UNRATE
1951-10-01,3.5,UNRATE
1951-11-01,3.5,UNRATE
1951-12-01,3.1,UNRATE
1952-01-01,3.2,UNRATE
1952-02-01,3.1,UNRATE
1952-03-01,2.9,UNRATE
1952-04-01,2.9,UNRATE
1952-05-01,3.0,UNRATE
1952-06-01,3.0,UNRATE
1952-07-01,3.2,UNRATE
1952-08-01,3.4,UNRATE
1952-09-01,3.1,UNRATE
1952-10-01,3.0,UNRATE
1952-11-01,2.8,UNRATE
1952-12-01,2.7,UNRATE
1953-01-01,2.9,UNRATE
1953-02-01,2.6,UNRATE
1953-03-01,2.6,UNRATE
1953-04-01,2.7,UNRATE
1953-05-01,2.5,UNRATE
1953-06-01,2.5,UNRATE
1953-07-01,2.6,UNRATE
1953-08-01,2.7,UNRATE
1953-09-01,2.9,UNRATE
1953-10-01,3.1,UNRATE
1953-11-01,3.5,UNRATE
1953-12-01,4.5,UNRATE
1954-01-01,4.9,UNRATE
1954-02-01,5.2,UNRATE
1954-03-01,5.7,UNRATE
1954-04-01,5.9,UNRATE
1954-05-01,5.9,UNRATE
1954-06-01,5.6,UNRATE
1954-07-01,5.8,UNRATE
1954-08-01,6.0,UNRATE
1954-09-01,6.1,UNRATE
1954-10-01,5.7,UNRATE
1954-11-01,5.3,UNRATE
1954-12-01,5.0,UNRATE
1955-01-01,4.9,UNRATE
1955-02-01,4.7,UNRATE
1955-03-01,4.6,UNRATE
1955-04-01,4.7,UNRATE
1955-05-01,4.3,UNRATE
1955-06-01,4.2,UNRATE
1955-07-01,4.0,UNRATE
1955-08-01,4.2,UNRATE
1955-09-01,4.1,UNRATE
1955-10-01,4.3,UNRATE
1955-11-01,4.2,UNRATE
1955-12-01,4.2,UNRATE
1956-01-01,4.0,UNRATE
1956-02-01,3.9,UNRATE
1956-03-01,4.2,UNRATE
1956-04-01,4.0,UNRATE
1956-05-01,4.3,UNRATE
1956-06-01,4.3,UNRATE
1956-07-01,4.4,UNRATE
1956-08-01,4.1,UNRATE
1956-09-01,3.9,UNRATE
1956-10-01,3.9,UNRATE
1956-11-01,4.3,UNRATE
1956-12-01,4.2,UNRATE
1957-01-01,4.2,UNRATE
1957-02-01,3.9,UNRATE
1957-03-01,3.7,UNRATE
1957-04-01,3.9,UNRATE
1957-05-01,4.1,UNRATE
1957-06-01,4.3,UNRATE
1957-07-01,4.2,UNRATE
1957-08-01,4.1,UNRATE
1957-09-01,4.4,UNRATE
1957-10-01,4.5,UNRATE
1957-11-01,5.1,UNRATE
1957-12-01,5.2,UNRATE
1958-01-01,5.8,UNRATE
1958-02-01,6.4,UNRATE
1958-03-01,6.7,UNRATE
1958-04-01,7.4,UNRATE
1958-05-01,7.4,UNRATE
1958-06-01,7.3,UNRATE
1958-07-01,7.5,UNRATE
1958-08-01,7.4,UNRATE
1958-09-01,7.1,UNRATE
1958-10-01,6.7,UNRATE
1958-11-01,6.2,UNRATE
1958-12-01,6.2,UNRATE
1959-01-01,6.0,UNRATE
1959-02-01,5.9,UNRATE
1959-03-01,5.6,UNRATE
1959-04-01,5.2,UNRATE
1959-05-01,5.1,UNRATE
1959-06-01,5.0,UNRATE
1959-07-01,5.1,UNRATE
1959-08-01,5.2,UNRATE
1959-09-01,5.5,UNRATE
1959-10-01,5.7,UNRATE
1959-11-01,5.8,UNRATE
1959-12-01,5.3,UNRATE
1960-01-01,5.2,UNRATE
1960-02-01,4.8,UNRATE
1960-03-01,5.4,UNRATE
1960-04-01,5.2,UNRATE
1960-05-01,5.1,UNRATE
1960-06-01,5.4,UNRATE
1960-07-01,5.5,UNRATE
1960-08-01,5.6,UNRATE
1960-09-01,5.5,UNRATE
1960-10-01,6.1,UNRATE
1960-11-01,6.1,UNRATE
1960-12-01,6.6,UNRATE
1961-01-01,6.6,UNRATE
1961-02-01,6.9,UNRATE
1961-03-01,6.9,UNRATE
1961-04-01,7.0,UNRATE
1961-05-01,7.1,UNRATE
1961-06-01,6.9,UNRATE
1961-07-01,7.0,UNRATE
1961-08-01,6.6,UNRATE
1961-09-01,6.7,UNRATE
1961-10-01,6.5,UNRATE
1961-11-01,6.1,UNRATE
1961-12-01,6.0,UNRATE
1962-01-01,5.8,UNRATE
1962-02-01,5.5,UNRATE
1962-03-01,5.6,UNRATE
1962-04-01,5.6,UNRATE
1962-05-01,5.5,UNRATE
1962-06-01,5.5,UNRATE
1962-07-01,5.4,UNRATE
1962-08-01,5.7,UNRATE
1962-09-01,5.6,UNRATE
1962-10-01,5.4,UNRATE
1962-11-01,5.7,UNRATE
1962-12-01,5.5,UNRATE
1963-01-01,5.7,UNRATE
1963-02-01,5.9,UNRATE
1963-03-01,5.7,UNRATE
1963-04-01,5.7,UNRATE
1963-05-01,5.9,UNRATE
1963-06-01,5.6,UNRATE
1963-07-01,5.6,UNRATE
1963-08-01,5.4,UNRATE
1963-09-01,5.5,UNRATE
1963-10-01,5.5,UNRATE
1963-11-01,5.7,UNRATE
1963-12-01,5.5,UNRATE
1964-01-01,5.6,UNRATE
1964-02-01,5.4,UNRATE
1964-03-01,5.4,UNRATE
1964-04-01,5.3,UNRATE
1964-05-01,5.1,UNRATE
1964-06-01,5.2,UNRATE
1964-07-01,4.9,UNRATE
1964-08-01,5.0,UNRATE
1964-09-01,5.1,UNRATE
1964-10-01,5.1,UNRATE
1964-11-01,4.8,UNRATE
1964-12-01,5.0,UNRATE
1965-01-01,4.9,UNRATE
1965-02-01,5.1,UNRATE
1965-03-01,4.7,UNRATE
1965-04-01,4.8,UNRATE
1965-05-01,4.6,UNRATE
1965-06-01,4.6,UNRATE
1965-07-01,4.4,UNRATE
1965-08-01,4.4,UNRATE
1965-09-01,4.3,UNRATE
1965-10-01,4.2,UNRATE
1965-11-01,4.1,UNRATE
1965-12-01,4.0,UNRATE
1966-01-01,4.0,UNRATE
1966-02-01,3.8,UNRATE
1966-03-01,3.8,UNRATE
1966-04-01,3.8,UNRATE
1966-05-01,3.9,UNRATE
1966-06-01,3.8,UNRATE
1966-07-01,3.8,UNRATE
1966-08-01,3.8,UNRATE
1966-09-01,3.7,UNRATE
1966-10-01,3.7,UNRATE
1966-11-01,3.6,UNRATE
1966-12-01,3.8,UNRATE
1967-01-01,3.9,UNRATE
1967-02-01,3.8,UNRATE
1967-03-01,3.8,UNRATE
1967-04-01,3.8,UNRATE
1967-05-01,3.8,UNRATE
1967-06-01,3.9,UNRATE
1967-07-01,3.8,UNRATE
1967-08-01,3.8,UNRATE
1967-09-01,3.8,UNRATE
1967-10-01,4.0,UNRATE
1967-11-01,3.9,UNRATE
1967-12-01,3.8,UNRATE
1968-01-01,3.7,UNRATE
1968-02-01,3.8,UNRATE
1968-03-01,3.7,UNRATE
1968-04-01,3.5,UNRATE
1968-05-01,3.5,UNRATE
1968-06-01,3.7,UNRATE
1968-07-01,3.7,UNRATE
1968-08-01,3.5,UNRATE
1968-09-01,3.4,UNRATE
1968-10-01,3.4,UNRATE
1968-11-01,3.4,UNRATE
1968-12-01,3.4,UNRATE
1969-01-01,3.4,UNRATE
1969-02-01,3.4,UNRATE
1969-03-01,3.4,UNRATE
1969-04-01,3.4,UNRATE
1969-05-01,3.4,UNRATE
1969-06-01,3.5,UNRATE
1969-07-01,3.5,UNRATE
1969-08-01,3.5,UNRATE
1969-09-01,3.7,UNRATE
1969-10-01,3.7,UNRATE
1969-11-01,3.5,UNRATE
1969-12-01,3.5,UNRATE
1970-01-01,3.9,UNRATE
1970-02-01,4.2,UNRATE
1970-03-01,4.4,UNRATE
1970-04-01,4.6,UNRATE
1970-05-01,4.8,UNRATE
1970-06-01,4.9,UNRATE
1970-07-01,5.0,UNRATE
1970-08-01,5.1,UNRATE
1970-09-01,5.4,UNRATE
1970-10-01,5.5,UNRATE
1970-11-01,5.9,UNRATE
1970-12-01,6.1,UNRATE
1971-01-01,5.9,UNRATE
1971-02-01,5.9,UNRATE
1971-03-01,6.0,UNRATE
1971-04-01,5.9,UNRATE
1971-05-01,5.9,UNRATE
1971-06-01,5.9,UNRATE
1971-07-01,6.0,UNRATE
1971-08-01,6.1,UNRATE
1971-09-01,6.0,UNRATE
1971-10-01,5.8,UNRATE
1971-11-01,6.0,UNRATE
1971-12-01,6.0,UNRATE
1972-01-01,5.8,UNRATE
1972-02-01,5.7,UNRATE
1972-03-01,5.8,UNRATE
1972-04-01,5.7,UNRATE
1972-05-01,5.7,UNRATE
1972-06-01,5.7,UNRATE
1972-07-01,5.6,UNRATE
1972-08-01,5.6,UNRATE
1972-09-01,5.5,UNRATE
1972-10-01,5.6,UNRATE
1972-11-01,5.3,UNRATE
1972-12-01,5.2,UNRATE
1973-01-01,4.9,UNRATE
1973-02-01,5.0,UNRATE
1973-03-01,4.9,UNRATE
1973-04-01,5.0,UNRATE
1973-05-01,4.9,UNRATE
1973-06-01,4.9,UNRATE
1973-07-01,4.8,UNRATE
1973-08-01,4.8,UNRATE
1973-09-01,4.8,UNRATE
1973-10-01,4.6,UNRATE
1973-11-01,4.8,UNRATE
1973-12-01,4.9,UNRATE
1974-01-01,5.1,UNRATE
1974-02-01,5.2,UNRATE
1974-03-01,5.1,UNRATE
1974-04-01,5.1,UNRATE
1974-05-01,5.1,UNRATE
1974-06-01,5.4,UNRATE
1974-07-01,5.5,UNRATE
1974-08-01,5.5,UNRATE
1974-09-01,5.9,UNRATE
1974-10-01,6.0,UNRATE
1974-11-01,6.6,UNRATE
1974-12-01,7.2,UNRATE
1975-01-01,8.1,UNRATE
1975-02-01,8.1,UNRATE
1975-03-01,8.6,UNRATE
1975-04-01,8.8,UNRATE
1975-05-01,9.0,UNRATE
1975-06-01,8.8,UNRATE
1975-07-01,8.6,UNRATE
1975-08-01,8.4,UNRATE
1975-09-01,8.4,UNRATE
1975-10-01,8.4,UNRATE
1975-11-01,8.3,UNRATE
1975-12-01,8.2,UNRATE
1976-01-01,7.9,UNRATE
1976-02-01,7.7,UNRATE
1976-03-01,7.6,UNRATE
1976-04-01,7.7,UNRATE
1976-05-01,7.4,UNRATE
1976-06-01,7.6,UNRATE
1976-07-01,7.8,UNRATE
1976-08-01,7.8,UNRATE
1976-09-01,7.6,UNRATE
1976-10-01,7.7,UNRATE
1976-11-01,7.8,UNRATE
1976-12-01,7.8,UNRATE
1977-01-01,7.5,UNRATE
1977-02-01,7.6,UNRATE
1977-03-01,7.4,UNRATE
1977-04-01,7.2,UNRATE
1977-05-01,7.0,UNRATE
1977-06-01,7.2,UNRATE
1977-07-01,6.9,UNRATE
1977-08-01,7.0,UNRATE
1977-09-01,6.8,UNRATE
1977-10-01,6.8,UNRATE
1977-11-01,6.8,UNRATE
1977-12-01,6.4,UNRATE
1978-01-01,6.4,UNRATE
1978-02-01,6.3,UNRATE
1978-03-01,6.3,UNRATE
1978-04-01,6.1,UNRATE
1978-05-01,6.0,UNRATE
1978-06-01,5.9,UNRATE
1978-07-01,6.2,UNRATE
1978-08-01,5.9,UNRATE
1978-09-01,6.0,UNRATE
1978-10-01,5.8,UNRATE
1978-11-01,5.9,UNRATE
1978-12-01,6.0,UNRATE
1979-01-01,5.9,UNRATE
1979-02-01,5.9,UNRATE
1979-03-01,5.8,UNRATE
1979-04-01,5.8,UNRATE
1979-05-01,5.6,UNRATE
1979-06-01,5.7,UNRATE
1979-07-01,5.7,UNRATE
1979-08-01,6.0,UNRATE
1979-09-01,5.9,UNRATE
1979-10-01,6.0,UNRATE
1979-11-01,5.9,UNRATE
1979-12-01,6.0,UNRATE
1980-01-01,6.3,UNRATE
1980-02-01,6.3,UNRATE
1980-03-01,6.3,UNRATE
1980-04-01,6.9,UNRATE
1980-05-01,7.5,UNRATE
1980-06-01,7.6,UNRATE
1980-07-01,7.8,UNRATE
1980-08-01,7.7,UNRATE
1980-09-01,7.5,UNRATE
1980-10-01,7.5,UNRATE
1980-11-01,7.5,UNRATE
1980-12-01,7.2,UNRATE
1981-01-01,7.5,UNRATE
1981-02-01,7.4,UNRATE
1981-03-01,7.4,UNRATE
1981-04-01,7.2,UNRATE
1981-05-01,7.5,UNRATE
1981-06-01,7.5,UNRATE
1981-07-01,7.2,UNRATE
1981-08-01,7.4,UNRATE
1981-09-01,7.6,UNRATE
1981-10-01,7.9,UNRATE
1981-11-01,8.3,UNRATE
1981-12-01,8.5,UNRATE
1982-01-01,8.6,UNRATE
1982-02-01,8.9,UNRATE
1982-03-01,9.0,UNRATE
1982-04-01,9.3,UNRATE
1982-05-01,9.4,UNRATE
1982-06-01,9.6,UNRATE
1982-07-01,9.8,UNRATE
1982-08-01,9.8,UNRATE
1982-09-01,10.1,UNRATE
1982-10-01,10.4,UNRATE
1982-11-01,10.8,UNRATE
1982-12-01,10.8,UNRATE
1983-01-01,10.4,UNRATE
1983-02-01,10.4,UNRATE
1983-03-01,10.3,UNRATE
1983-04-01,10.2,UNRATE
1983-05-01,10.1,UNRATE
1983-06-01,10.1,UNRATE
1983-07-01,9.4,UNRATE
1983-08-01,9.5,UNRATE
1983-09-01,9.2,UNRATE
1983-10-01,8.8,UNRATE
1983-11-01,8.5,UNRATE
1983-12-01,8.3,UNRATE
1984-01-01,8.0,UNRATE
1984-02-01,7.8,UNRATE
1984-03-01,7.8,UNRATE
1984-04-01,7.7,UNRATE
1984-05-01,7.4,UNRATE
1984-06-01,7.2,UNRATE
1984-07-01,7.5,UNRATE
1984-08-01,7.5,UNRATE
1984-09-01,7.3,UNRATE
1984-10-01,7.4,UNRATE
1984-11-01,7.2,UNRATE
1984-12-01,7.3,UNRATE
1985-01-01,7.3,UNRATE
1985-02-01,7.2,UNRATE
1985-03-01,7.2,UNRATE
1985-04-01,7.3,UNRATE
1985-05-01,7.2,UNRATE
1985-06-01,7.4,UNRATE
1985-07-01,7.4,UNRATE
1985-08-01,7.1,UNRATE
1985-09-01,7.1,UNRATE
1985-10-01,7.1,UNRATE
1985-11-01,7.0,UNRATE
1985-12-01,7.0,UNRATE
1986-01-01,6.7,UNRATE
1986-02-01,7.2,UNRATE
1986-03-01,7.2,UNRATE
1986-04-01,7.1,UNRATE
1986-05-01,7.2,UNRATE
1986-06-01,7.2,UNRATE
1986-07-01,7.0,UNRATE
1986-08-01,6.9,UNRATE
1986-09-01,7.0,UNRATE
1986-10-01,7.0,UNRATE
1986-11-01,6.9,UNRATE
1986-12-01,6.6,UNRATE
1987-01-01,6.6,UNRATE
1987-02-01,6.6,UNRATE
1987-03-01,6.6,UNRATE
1987-04-01,6.3,UNRATE
1987-05-01,6.3,UNRATE
1987-06-01,6.2,UNRATE
1987-07-01,6.1,UNRATE
1987-08-01,6.0,UNRATE
1987-09-01,5.9,UNRATE
1987-10-01,6.0,UNRATE
1987-11-01,5.8,UNRATE
1987-12-01,5.7,UNRATE
1988-01-01,5.7,UNRATE
1988-02-01,5.7,UNRATE
1988-03-01,5.7,UNRATE
1988-04-01,5.4,UNRATE
1988-05-01,5.6,UNRATE
1988-06-01,5.4,UNRATE
1988-07-01,5.4,UNRATE
1988-08-01,5.6,UNRATE
1988-09-01,5.4,UNRATE
1988-10-01,5.4,UNRATE
1988-11-01,5.3,UNRATE
1988-12-01,5.3,UNRATE
1989-01-01,5.4,UNRATE
1989-02-01,5.2,UNRATE
1989-03-01,5.0,UNRATE
1989-04-01,5.2,UNRATE
1989-05-01,5.2,UNRATE
1989-06-01,5.3,UNRATE
1989-07-01,5.2,UNRATE
1989-08-01,5.2,UNRATE
1989-09-01,5.3,UNRATE
1989-10-01,5.3,UNRATE
1989-11-01,5.4,UNRATE
1989-12-01,5.4,UNRATE
1990-01-01,5.4,UNRATE
1990-02-01,5.3,UNRATE
1990-03-01,5.2,UNRATE
1990-04-01,5.4,UNRATE
1990-05-01,5.4,UNRATE
1990-06-01,5.2,UNRATE
1990-07-01,5.5,UNRATE
1990-08-01,5.7,UNRATE
1990-09-01,5.9,UNRATE
1990-10-01,5.9,UNRATE
1990-11-01,6.2,UNRATE
1990-12-01,6.3,UNRATE
1991-01-01,6.4,UNRATE
1991-02-01,6.6,UNRATE
1991-03-01,6.8,UNRATE
1991-04-01,6.7,UNRATE
1991-05-01,6.9,UNRATE
1991-06-01,6.9,UNRATE
1991-07-01,6.8,UNRATE
1991-08-01,6.9,UNRATE
1991-09-01,6.9,UNRATE
1991-10-01,7.0,UNRATE
1991-11-01,7.0,UNRATE
1991-12-01,7.3,UNRATE
1992-01-01,7.3,UNRATE
1992-02-01,7.4,UNRATE
1992-03-01,7.4,UNRATE
1992-04-01,7.4,UNRATE
1992-05-01,7.6,UNRATE
1992-06-01,7.8,UNRATE
1992-07-01,7.7,UNRATE
1992-08-01,7.6,UNRATE
1992-09-01,7.6,UNRATE
1992-10-01,7.3,UNRATE
1992-11-01,7.4,UNRATE
1992-12-01,7.4,UNRATE
1993-01-01,7.3,UNRATE
1993-02-01,7.1,UNRATE
1993-03-01,7.0,UNRATE
1993-04-01,7.1,UNRATE
1993-05-01,7.1,UNRATE
1993-06-01,7.0,UNRATE
1993-07-01,6.9,UNRATE
1993-08-01,6.8,UNRATE
1993-09-01,6.7,UNRATE
1993-10-01,6.8,UNRATE
1993-11-01,6.6,UNRATE
1993-12-01,6.5,UNRATE
1994-01-01,6.6,UNRATE
1994-02-01,6.6,UNRATE
1994-03-01,6.5,UNRATE
1994-04-01,6.4,UNRATE
1994-05-01,6.1,UNRATE
1994-06-01,6.1,UNRATE
1994-07-01,6.1,UNRATE
1994-08-01,6.0,UNRATE
1994-09-01,5.9,UNRATE
1994-10-01,5.8,UNRATE
1994-11-01,5.6,UNRATE
1994-12-01,5.5,UNRATE
1995-01-01,5.6,UNRATE
1995-02-01,5.4,UNRATE
1995-03-01,5.4,UNRATE
1995-04-01,5.8,UNRATE
1995-05-01,5.6,UNRATE
1995-06-01,5.6,UNRATE
1995-07-01,5.7,UNRATE
1995-08-01,5.7,UNRATE
1995-09-01,5.6,UNRATE
1995-10-01,5.5,UNRATE
1995-11-01,5.6,UNRATE
1995-12-01,5.6,UNRATE
1996-01-01,5.6,UNRATE
1996-02-01,5.5,UNRATE
1996-03-01,5.5,UNRATE
1996-04-01,5.6,UNRATE
1996-05-01,5.6,UNRATE
1996-06-01,5.3,UNRATE
1996-07-01,5.5,UNRATE
1996-08-01,5.1,UNRATE
1996-09-01,5.2,UNRATE
1996-10-01,5.2,UNRATE
1996-11-01,5.4,UNRATE
1996-12-01,5.4,UNRATE
1997-01-01,5.3,UNRATE
1997-02-01,5.2,UNRATE
1997-03-01,5.2,UNRATE
1997-04-01,5.1,UNRATE
1997-05-01,4.9,UNRATE
1997-06-01,5.0,UNRATE
1997-07-01,4.9,UNRATE
1997-08-01,4.8,UNRATE
1997-09-01,4.9,UNRATE
1997-10-01,4.7,UNRATE
1997-11-01,4.6,UNRATE
1997-12-01,4.7,UNRATE
1998-01-01,4.6,UNRATE
1998-02-01,4.6,UNRATE
1998-03-01,4.7,UNRATE
1998-04-01,4.3,UNRATE
1998-05-01,4.4,UNRATE
1998-06-01,4.5,UNRATE
1998-07-01,4.5,UNRATE
1998-08-01,4.5,UNRATE
1998-09-01,4.6,UNRATE
1998-10-01,4.5,UNRATE
1998-11-01,4.4,UNRATE
1998-12-01,4.4,UNRATE
1999-01-01,4.3,UNRATE
1999-02-01,4.4,UNRATE
1999-03-01,4.2,UNRATE
1999-04-01,4.3,UNRATE
1999-05-01,4.2,UNRATE
1999-06-01,4.3,UNRATE
1999-07-01,4.3,UNRATE
1999-08-01,4.2,UNRATE
1999-09-01,4.2,UNRATE
1999-10-01,4.1,UNRATE
1999-11-01,4.1,UNRATE
1999-12-01,4.0,UNRATE
2000-01-01,4.0,UNRATE
2000-02-01,4.1,UNRATE
2000-03-01,4.0,UNRATE
2000-04-01,3.8,UNRATE
2000-05-01,4.0,UNRATE
2000-06-01,4.0,UNRATE
2000-07-01,4.0,UNRATE
2000-08-01,4.1,UNRATE
2000-09-01,3.9,UNRATE
2000-10-01,3.9,UNRATE
2000-11-01,3.9,UNRATE
2000-12-01,3.9,UNRATE
2001-01-01,4.2,UNRATE
2001-02-01,4.2,UNRATE
2001-03-01,4.3,UNRATE
2001-04-01,4.4,UNRATE
2001-05-01,4.3,UNRATE
2001-06-01,4.5,UNRATE
2001-07-01,4.6,UNRATE
2001-08-01,4.9,UNRATE
2001-09-01,5.0,UNRATE
2001-10-01,5.3,UNRATE
2001-11-01,5.5,UNRATE
2001-12-01,5.7,UNRATE
2002-01-01,5.7,UNRATE
2002-02-01,5.7,UNRATE
2002-03-01,5.7,UNRATE
2002-04-01,5.9,UNRATE
2002-05-01,5.8,UNRATE
2002-06-01,5.8,UNRATE
2002-07-01,5.8,UNRATE
2002-08-01,5.7,UNRATE
2002-09-01,5.7,UNRATE
2002-10-01,5.7,UNRATE
2002-11-01,5.9,UNRATE
2002-12-01,6.0,UNRATE
2003-01-01,5.8,UNRATE
2003-02-01,5.9,UNRATE
2003-03-01,5.9,UNRATE
2003-04-01,6.0,UNRATE
2003-05-01,6.1,UNRATE
2003-06-01,6.3,UNRATE
2003-07-01,6.2,UNRATE
2003-08-01,6.1,UNRATE
2003-09-01,6.1,UNRATE
2003-10-01,6.0,UNRATE
2003-11-01,5.8,UNRATE
2003-12-01,5.7,UNRATE
2004-01-01,5.7,UNRATE
2004-02-01,5.6,UNRATE
2004-03-01,5.8,UNRATE
2004-04-01,5.6,UNRATE
2004-05-01,5.6,UNRATE
2004-06-01,5.6,UNRATE
2004-07-01,5.5,UNRATE
2004-08-01,5.4,UNRATE
2004-09-01,5.4,UNRATE
2004-10-01,5.5,UNRATE
2004-11-01,5.4,UNRATE
2004-12-01,5.4,UNRATE
2005-01-01,5.3,UNRATE
2005-02-01,5.4,UNRATE
2005-03-01,5.2,UNRATE
2005-04-01,5.2,UNRATE
2005-05-01,5.1,UNRATE
2005-06-01,5.0,UNRATE
2005-07-01,5.0,UNRATE
2005-08-01,4.9,UNRATE
2005-09-01,5.0,UNRATE
2005-10-01,5.0,UNRATE
2005-11-01,5.0,UNRATE
2005-12-01,4.9,UNRATE
2006-01-01,4.7,UNRATE
2006-02-01,4.8,UNRATE
2006-03-01,4.7,UNRATE
2006-04-01,4.7,UNRATE
2006-05-01,4.6,UNRATE
2006-06-01,4.6,UNRATE
2006-07-01,4.7,UNRATE
2006-08-01,4.7,UNRATE
2006-09-01,4.5,UNRATE
2006-10-01,4.4,UNRATE
2006-11-01,4.5,UNRATE
2006-12-01,4.4,UNRATE
2007-01-01,4.6,UNRATE
2007-02-01,4.5,UNRATE
2007-03-01,4.4,UNRATE
2007-04-01,4.5,UNRATE
2007-05-01,4.4,UNRATE
2007-06-01,4.6,UNRATE
2007-07-01,4.7,UNRATE
2007-08-01,4.6,UNRATE
2007-09-01,4.7,UNRATE
2007-10-01,4.7,UNRATE
2007-11-01,4.7,UNRATE
2007-12-01,5.0,UNRATE
2008-01-01,5.0,UNRATE
2008-02-01,4.9,UNRATE
2008-03-01,5.1,UNRATE
2008-04-01,5.0,UNRATE
2008-05-01,5.4,UNRATE
2008-06-01,5.6,UNRATE
2008-07-01,5.8,UNRATE
2008-08-01,6.1,UNRATE
2008-09-01,6.1,UNRATE
2008-10-01,6.5,UNRATE
2008-11-01,6.8,UNRATE
2008-12-01,7.3,UNRATE
2009-01-01,7.8,UNRATE
2009-02-01,8.3,UNRATE
2009-03-01,8.7,UNRATE
2009-04-01,9.0,UNRATE
2009-05-01,9.4,UNRATE
2009-06-01,9.5,UNRATE
2009-07-01,9.5,UNRATE
2009-08-01,9.6,UNRATE
2009-09-01,9.8,UNRATE
2009-10-01,10.0,UNRATE
2009-11-01,9.9,UNRATE
2009-12-01,9.9,UNRATE
2010-01-01,9.8,UNRATE
2010-02-01,9.8,UNRATE
2010-03-01,9.9,UNRATE
2010-04-01,9.9,UNRATE
2010-05-01,9.6,UNRATE
2010-06-01,9.4,UNRATE
2010-07-01,9.4,UNRATE
2010-08-01,9.5,UNRATE
2010-09-01,9.5,UNRATE
2010-10-01,9.4,UNRATE
2010-11-01,9.8,UNRATE
2010-12-01,9.3,UNRATE
2011-01-01,9.1,UNRATE
2011-02-01,9.0,UNRATE
2011-03-01,9.0,UNRATE
2011-04-01,9.1,UNRATE
2011-05-01,9.0,UNRATE
2011-06-01,9.1,UNRATE
2011-07-01,9.0,UNRATE
2011-08-01,9.0,UNRATE
2011-09-01,9.0,UNRATE
2011-10-01,8.8,UNRATE
2011-11-01,8.6,UNRATE
2011-12-01,8.5,UNRATE
2012-01-01,8.3,UNRATE
2012-02-01,8.3,UNRATE
2012-03-01,8.2,UNRATE
2012-04-01,8.2,UNRATE
2012-05-01,8.2,UNRATE
2012-06-01,8.2,UNRATE
2012-07-01,8.2,UNRATE
2012-08-01,8.1,UNRATE
2012-09-01,7.8,UNRATE
2012-10-01,7.8,UNRATE
2012-11-01,7.7,UNRATE
2012-12-01,7.9,UNRATE
2013-01-01,8.0,UNRATE
2013-02-01,7.7,UNRATE
2013-03-01,7.5,UNRATE
2013-04-01,7.6,UNRATE
2013-05-01,7.5,UNRATE
2013-06-01,7.5,UNRATE
2013-07-01,7.3,UNRATE
2013-08-01,7.2,UNRATE
2013-09-01,7.2,UNRATE
2013-10-01,7.2,UNRATE
2013-11-01,6.9,UNRATE
2013-12-01,6.7,UNRATE
2014-01-01,6.6,UNRATE
2014-02-01,6.7,UNRATE
2014-03-01,6.7,UNRATE
2014-04-01,6.2,UNRATE
2014-05-01,6.3,UNRATE
2014-06-01,6.1,UNRATE
2014-07-01,6.2,UNRATE
2014-08-01,6.1,UNRATE
2014-09-01,5.9,UNRATE
2014-10-01,5.7,UNRATE
2014-11-01,5.8,UNRATE
2014-12-01,5.6,UNRATE
2015-01-01,5.7,UNRATE
2015-02-01,5.5,UNRATE
2015-03-01,5.4,UNRATE
2015-04-01,5.4,UNRATE
2015-05-01,5.6,UNRATE
2015-06-01,5.3,UNRATE
2015-07-01,5.2,UNRATE
2015-08-01,5.1,UNRATE
2015-09-01,5.0,UNRATE
2015-10-01,5.0,UNRATE
2015-11-01,5.1,UNRATE
2015-12-01,5.0,UNRATE
2016-01-01,4.8,UNRATE
2016-02-01,4.9,UNRATE
2016-03-01,5.0,UNRATE
2016-04-01,5.1,UNRATE
2016-05-01,4.8,UNRATE
2016-06-01,4.9,UNRATE
2016-07-01,4.8,UNRATE
2016-08-01,4.9,UNRATE
2016-09-01,5.0,UNRATE
2016-10-01,4.9,UNRATE
2016-11-01,4.7,UNRATE
2016-12-01,4.7,UNRATE
2017-01-01,4.7,UNRATE
2017-02-01,4.6,UNRATE
2017-03-01,4.4,UNRATE
2017-04-01,4.4,UNRATE
2017-05-01,4.4,UNRATE
2017-06-01,4.3,UNRATE
2017-07-01,4.3,UNRATE
2017-08-01,4.4,UNRATE
2017-09-01,4.3,UNRATE
2017-10-01,4.2,UNRATE
2017-11-01,4.2,UNRATE
2017-12-01,4.1,UNRATE
2018-01-01,4.0,UNRATE
2018-02-01,4.1,UNRATE
2018-03-01,4.0,UNRATE
2018-04-01,4.0,UNRATE
2018-05-01,3.8,UNRATE
2018-06-01,4.0,UNRATE
2018-07-01,3.8,UNRATE
2018-08-01,3.8,UNRATE
2018-09-01,3.7,UNRATE
2018-10-01,3.8,UNRATE
2018-11-01,3.8,UNRATE
2018-12-01,3.9,UNRATE
2019-01-01,4.0,UNRATE
2019-02-01,3.8,UNRATE
2019-03-01,3.8,UNRATE
2019-04-01,3.7,UNRATE
2019-05-01,3.6,UNRATE
2019-06-01,3.6,UNRATE
2019-07-01,3.7,UNRATE
2019-08-01,3.6,UNRATE
2019-09-01,3.5,UNRATE
2019-10-01,3.6,UNRATE
2019-11-01,3.6,UNRATE
2019-12-01,3.6,UNRATE
2020-01-01,3.6,UNRATE
2020-02-01,3.5,UNRATE
2020-03-01,4.4,UNRATE
2020-04-01,14.8,UNRATE
2020-05-01,13.2,UNRATE
2020-06-01,11.0,UNRATE
2020-07-01,10.2,UNRATE
2020-08-01,8.4,UNRATE
2020-09-01,7.8,UNRATE
2020-10-01,6.9,UNRATE
2020-11-01,6.7,UNRATE
2020-12-01,6.7,UNRATE
2021-01-01,6.4,UNRATE
2021-02-01,6.2,UNRATE
2021-03-01,6.1,UNRATE
2021-04-01,6.1,UNRATE
2021-05-01,5.8,UNRATE
2021-06-01,5.9,UNRATE
2021-07-01,5.4,UNRATE
2021-08-01,5.1,UNRATE
2021-09-01,4.7,UNRATE
2021-10-01,4.5,UNRATE
2021-11-01,4.1,UNRATE
2021-12-01,3.9,UNRATE
2022-01-01,4.0,UNRATE
2022-02-01,3.9,UNRATE
2022-03-01,3.7,UNRATE
2022-04-01,3.7,UNRATE
2022-05-01,3.6,UNRATE
2022-06-01,3.6,UNRATE
2022-07-01,3.5,UNRATE
2022-08-01,3.6,UNRATE
2022-09-01,3.5,UNRATE
2022-10-01,3.6,UNRATE
2022-11-01,3.6,UNRATE
2022-12-01,3.5,UNRATE
2023-01-01,3.5,UNRATE
2023-02-01,3.6,UNRATE
2023-03-01,3.5,UNRATE
2023-04-01,3.4,UNRATE
2023-05-01,3.6,UNRATE
2023-06-01,3.6,UNRATE
2023-07-01,3.5,UNRATE
2023-08-01,3.7,UNRATE
2023-09-01,3.7,UNRATE
2023-10-01,3.9,UNRATE
2023-11-01,3.7,UNRATE
2023-12-01,3.8,UNRATE
2024-01-01,3.7,UNRATE
2024-02-01,3.9,UNRATE
2024-03-01,3.9,UNRATE
2024-04-01,3.9,UNRATE
2024-05-01,3.9,UNRATE
2024-06-01,4.1,UNRATE
2024-07-01,4.2,UNRATE
2024-08-01,4.2,UNRATE
2024-09-01,4.1,UNRATE
2024-10-01,4.1,UNRATE
2024-11-01,4.2,UNRATE
2024-12-01,4.1,UNRATE
2025-01-01,4.0,UNRATE
2025-02-01,4.2,UNRATE
2025-03-01,4.2,UNRATE
2025-04-01,4.2,UNRATE
2025-05-01,4.3,UNRATE
2025-06-01,4.1,UNRATE
2025-07-01,4.3,UNRATE
2025-08-01,4.3,UNRATE
2025-09-01,4.4,UNRATE
2025-10-01,,UNRATE
2025-11-01,4.5,UNRATE
2025-12-01,4.4,UNRATE
2026-01-01,4.3,UNRATE
2026-02-01,4.4,UNRATE
1954-07-01,0.8,FEDFUNDS
1954-08-01,1.22,FEDFUNDS
1954-09-01,1.07,FEDFUNDS
1954-10-01,0.85,FEDFUNDS
1954-11-01,0.83,FEDFUNDS
1954-12-01,1.28,FEDFUNDS
1955-01-01,1.39,FEDFUNDS
1955-02-01,1.29,FEDFUNDS
1955-03-01,1.35,FEDFUNDS
1955-04-01,1.43,FEDFUNDS
1955-05-01,1.43,FEDFUNDS
1955-06-01,1.64,FEDFUNDS
1955-07-01,1.68,FEDFUNDS
1955-08-01,1.96,FEDFUNDS
1955-09-01,2.18,FEDFUNDS
1955-10-01,2.24,FEDFUNDS
1955-11-01,2.35,FEDFUNDS
1955-12-01,2.48,FEDFUNDS
1956-01-01,2.45,FEDFUNDS
1956-02-01,2.5,FEDFUNDS
1956-03-01,2.5,FEDFUNDS
1956-04-01,2.62,FEDFUNDS
1956-05-01,2.75,FEDFUNDS
1956-06-01,2.71,FEDFUNDS
1956-07-01,2.75,FEDFUNDS
1956-08-01,2.73,FEDFUNDS
1956-09-01,2.95,FEDFUNDS
1956-10-01,2.96,FEDFUNDS
1956-11-01,2.88,FEDFUNDS
1956-12-01,2.94,FEDFUNDS
1957-01-01,2.84,FEDFUNDS
1957-02-01,3.0,FEDFUNDS
1957-03-01,2.96,FEDFUNDS
1957-04-01,3.0,FEDFUNDS
1957-05-01,3.0,FEDFUNDS
1957-06-01,3.0,FEDFUNDS
1957-07-01,2.99,FEDFUNDS
1957-08-01,3.24,FEDFUNDS
1957-09-01,3.47,FEDFUNDS
1957-10-01,3.5,FEDFUNDS
1957-11-01,3.28,FEDFUNDS
1957-12-01,2.98,FEDFUNDS
1958-01-01,2.72,FEDFUNDS
1958-02-01,1.67,FEDFUNDS
1958-03-01,1.2,FEDFUNDS
1958-04-01,1.26,FEDFUNDS
1958-05-01,0.63,FEDFUNDS
1958-06-01,0.93,FEDFUNDS
1958-07-01,0.68,FEDFUNDS
1958-08-01,1.53,FEDFUNDS
1958-09-01,1.76,FEDFUNDS
1958-10-01,1.8,FEDFUNDS
1958-11-01,2.27,FEDFUNDS
1958-12-01,2.42,FEDFUNDS
1959-01-01,2.48,FEDFUNDS
1959-02-01,2.43,FEDFUNDS
1959-03-01,2.8,FEDFUNDS
1959-04-01,2.96,FEDFUNDS
1959-05-01,2.9,FEDFUNDS
1959-06-01,3.39,FEDFUNDS
1959-07-01,3.47,FEDFUNDS
1959-08-01,3.5,FEDFUNDS
1959-09-01,3.76,FEDFUNDS
1959-10-01,3.98,FEDFUNDS
1959-11-01,4.0,FEDFUNDS
1959-12-01,3.99,FEDFUNDS
1960-01-01,3.99,FEDFUNDS
1960-02-01,3.97,FEDFUNDS
1960-03-01,3.84,FEDFUNDS
1960-04-01,3.92,FEDFUNDS
1960-05-01,3.85,FEDFUNDS
1960-06-01,3.32,FEDFUNDS
1960-07-01,3.23,FEDFUNDS
1960-08-01,2.98,FEDFUNDS
1960-09-01,2.6,FEDFUNDS
1960-10-01,2.47,FEDFUNDS
1960-11-01,2.44,FEDFUNDS
1960-12-01,1.98,FEDFUNDS
1961-01-01,1.45,FEDFUNDS
1961-02-01,2.54,FEDFUNDS
1961-03-01,2.02,FEDFUNDS
1961-04-01,1.49,FEDFUNDS
1961-05-01,1.98,FEDFUNDS
1961-06-01,1.73,FEDFUNDS
1961-07-01,1.17,FEDFUNDS
1961-08-01,2.0,FEDFUNDS
1961-09-01,1.88,FEDFUNDS
1961-10-01,2.26,FEDFUNDS
1961-11-01,2.61,FEDFUNDS
1961-12-01,2.33,FEDFUNDS
1962-01-01,2.15,FEDFUNDS
1962-02-01,2.37,FEDFUNDS
1962-03-01,2.85,FEDFUNDS
1962-04-01,2.78,FEDFUNDS
1962-05-01,2.36,FEDFUNDS
1962-06-01,2.68,FEDFUNDS
1962-07-01,2.71,FEDFUNDS
1962-08-01,2.93,FEDFUNDS
1962-09-01,2.9,FEDFUNDS
1962-10-01,2.9,FEDFUNDS
1962-11-01,2.94,FEDFUNDS
1962-12-01,2.93,FEDFUNDS
1963-01-01,2.92,FEDFUNDS
1963-02-01,3.0,FEDFUNDS
1963-03-01,2.98,FEDFUNDS
1963-04-01,2.9,FEDFUNDS
1963-05-01,3.0,FEDFUNDS
1963-06-01,2.99,FEDFUNDS
1963-07-01,3.02,FEDFUNDS
1963-08-01,3.49,FEDFUNDS
1963-09-01,3.48,FEDFUNDS
1963-10-01,3.5,FEDFUNDS
1963-11-01,3.48,FEDFUNDS
1963-12-01,3.38,FEDFUNDS
1964-01-01,3.48,FEDFUNDS
1964-02-01,3.48,FEDFUNDS
1964-03-01,3.43,FEDFUNDS
1964-04-01,3.47,FEDFUNDS
1964-05-01,3.5,FEDFUNDS
1964-06-01,3.5,FEDFUNDS
1964-07-01,3.42,FEDFUNDS
1964-08-01,3.5,FEDFUNDS
1964-09-01,3.45,FEDFUNDS
1964-10-01,3.36,FEDFUNDS
1964-11-01,3.52,FEDFUNDS
1964-12-01,3.85,FEDFUNDS
1965-01-01,3.9,FEDFUNDS
1965-02-01,3.98,FEDFUNDS
1965-03-01,4.05,FEDFUNDS
1965-04-01,4.09,FEDFUNDS
1965-05-01,4.1,FEDFUNDS
1965-06-01,4.05,FEDFUNDS
1965-07-01,4.09,FEDFUNDS
1965-08-01,4.12,FEDFUNDS
1965-09-01,4.02,FEDFUNDS
1965-10-01,4.08,FEDFUNDS
1965-11-01,4.1,FEDFUNDS
1965-12-01,4.32,FEDFUNDS
1966-01-01,4.42,FEDFUNDS
1966-02-01,4.6,FEDFUNDS
1966-03-01,4.66,FEDFUNDS
1966-04-01,4.67,FEDFUNDS
1966-05-01,4.9,FEDFUNDS
1966-06-01,5.17,FEDFUNDS
1966-07-01,5.3,FEDFUNDS
1966-08-01,5.53,FEDFUNDS
1966-09-01,5.4,FEDFUNDS
1966-10-01,5.53,FEDFUNDS
1966-11-01,5.76,FEDFUNDS
1966-12-01,5.4,FEDFUNDS
1967-01-01,4.94,FEDFUNDS
1967-02-01,5.0,FEDFUNDS
1967-03-01,4.53,FEDFUNDS
1967-04-01,4.05,FEDFUNDS
1967-05-01,3.94,FEDFUNDS
1967-06-01,3.98,FEDFUNDS
1967-07-01,3.79,FEDFUNDS
1967-08-01,3.9,FEDFUNDS
1967-09-01,3.99,FEDFUNDS
1967-10-01,3.88,FEDFUNDS
1967-11-01,4.13,FEDFUNDS
1967-12-01,4.51,FEDFUNDS
1968-01-01,4.61,FEDFUNDS
1968-02-01,4.71,FEDFUNDS
1968-03-01,5.05,FEDFUNDS
1968-04-01,5.76,FEDFUNDS
1968-05-01,6.12,FEDFUNDS
1968-06-01,6.07,FEDFUNDS
1968-07-01,6.03,FEDFUNDS
1968-08-01,6.03,FEDFUNDS
1968-09-01,5.78,FEDFUNDS
1968-10-01,5.91,FEDFUNDS
1968-11-01,5.82,FEDFUNDS
1968-12-01,6.02,FEDFUNDS
1969-01-01,6.3,FEDFUNDS
1969-02-01,6.61,FEDFUNDS
1969-03-01,6.79,FEDFUNDS
1969-04-01,7.41,FEDFUNDS
1969-05-01,8.67,FEDFUNDS
1969-06-01,8.9,FEDFUNDS
1969-07-01,8.61,FEDFUNDS
1969-08-01,9.19,FEDFUNDS
1969-09-01,9.15,FEDFUNDS
1969-10-01,9.0,FEDFUNDS
1969-11-01,8.85,FEDFUNDS
1969-12-01,8.97,FEDFUNDS
1970-01-01,8.98,FEDFUNDS
1970-02-01,8.98,FEDFUNDS
1970-03-01,7.76,FEDFUNDS
1970-04-01,8.1,FEDFUNDS
1970-05-01,7.95,FEDFUNDS
1970-06-01,7.61,FEDFUNDS
1970-07-01,7.21,FEDFUNDS
1970-08-01,6.62,FEDFUNDS
1970-09-01,6.29,FEDFUNDS
1970-10-01,6.2,FEDFUNDS
1970-11-01,5.6,FEDFUNDS
1970-12-01,4.9,FEDFUNDS
1971-01-01,4.14,FEDFUNDS
1971-02-01,3.72,FEDFUNDS
1971-03-01,3.71,FEDFUNDS
1971-04-01,4.16,FEDFUNDS
1971-05-01,4.63,FEDFUNDS
1971-06-01,4.91,FEDFUNDS
1971-07-01,5.31,FEDFUNDS
1971-08-01,5.57,FEDFUNDS
1971-09-01,5.55,FEDFUNDS
1971-10-01,5.2,FEDFUNDS
1971-11-01,4.91,FEDFUNDS
1971-12-01,4.14,FEDFUNDS
1972-01-01,3.51,FEDFUNDS
1972-02-01,3.3,FEDFUNDS
1972-03-01,3.83,FEDFUNDS
1972-04-01,4.17,FEDFUNDS
1972-05-01,4.27,FEDFUNDS
1972-06-01,4.46,FEDFUNDS
1972-07-01,4.55,FEDFUNDS
1972-08-01,4.81,FEDFUNDS
1972-09-01,4.87,FEDFUNDS
1972-10-01,5.05,FEDFUNDS
1972-11-01,5.06,FEDFUNDS
1972-12-01,5.33,FEDFUNDS
1973-01-01,5.94,FEDFUNDS
1973-02-01,6.58,FEDFUNDS
1973-03-01,7.09,FEDFUNDS
1973-04-01,7.12,FEDFUNDS
1973-05-01,7.84,FEDFUNDS
1973-06-01,8.49,FEDFUNDS
1973-07-01,10.4,FEDFUNDS
1973-08-01,10.5,FEDFUNDS
1973-09-01,10.78,FEDFUNDS
1973-10-01,10.01,FEDFUNDS
1973-11-01,10.03,FEDFUNDS
1973-12-01,9.95,FEDFUNDS
1974-01-01,9.65,FEDFUNDS
1974-02-01,8.97,FEDFUNDS
1974-03-01,9.35,FEDFUNDS
1974-04-01,10.51,FEDFUNDS
1974-05-01,11.31,FEDFUNDS
1974-06-01,11.93,FEDFUNDS
1974-07-01,12.92,FEDFUNDS
1974-08-01,12.01,FEDFUNDS
1974-09-01,11.34,FEDFUNDS
1974-10-01,10.06,FEDFUNDS
1974-11-01,9.45,FEDFUNDS
1974-12-01,8.53,FEDFUNDS
1975-01-01,7.13,FEDFUNDS
1975-02-01,6.24,FEDFUNDS
1975-03-01,5.54,FEDFUNDS
1975-04-01,5.49,FEDFUNDS
1975-05-01,5.22,FEDFUNDS
1975-06-01,5.55,FEDFUNDS
1975-07-01,6.1,FEDFUNDS
1975-08-01,6.14,FEDFUNDS
1975-09-01,6.24,FEDFUNDS
1975-10-01,5.82,FEDFUNDS
1975-11-01,5.22,FEDFUNDS
1975-12-01,5.2,FEDFUNDS
1976-01-01,4.87,FEDFUNDS
1976-02-01,4.77,FEDFUNDS
1976-03-01,4.84,FEDFUNDS
1976-04-01,4.82,FEDFUNDS
1976-05-01,5.29,FEDFUNDS
1976-06-01,5.48,FEDFUNDS
1976-07-01,5.31,FEDFUNDS
1976-08-01,5.29,FEDFUNDS
1976-09-01,5.25,FEDFUNDS
1976-10-01,5.02,FEDFUNDS
1976-11-01,4.95,FEDFUNDS
1976-12-01,4.65,FEDFUNDS
1977-01-01,4.61,FEDFUNDS
1977-02-01,4.68,FEDFUNDS
1977-03-01,4.69,FEDFUNDS
1977-04-01,4.73,FEDFUNDS
1977-05-01,5.35,FEDFUNDS
1977-06-01,5.39,FEDFUNDS
1977-07-01,5.42,FEDFUNDS
1977-08-01,5.9,FEDFUNDS
1977-09-01,6.14,FEDFUNDS
1977-10-01,6.47,FEDFUNDS
1977-11-01,6.51,FEDFUNDS
1977-12-01,6.56,FEDFUNDS
1978-01-01,6.7,FEDFUNDS
1978-02-01,6.78,FEDFUNDS
1978-03-01,6.79,FEDFUNDS
1978-04-01,6.89,FEDFUNDS
1978-05-01,7.36,FEDFUNDS
1978-06-01,7.6,FEDFUNDS
1978-07-01,7.81,FEDFUNDS
1978-08-01,8.04,FEDFUNDS
1978-09-01,8.45,FEDFUNDS
1978-10-01,8.96,FEDFUNDS
1978-11-01,9.76,FEDFUNDS
1978-12-01,10.03,FEDFUNDS
1979-01-01,10.07,FEDFUNDS
1979-02-01,10.06,FEDFUNDS
1979-03-01,10.09,FEDFUNDS
1979-04-01,10.01,FEDFUNDS
1979-05-01,10.24,FEDFUNDS
1979-06-01,10.29,FEDFUNDS
1979-07-01,10.47,FEDFUNDS
1979-08-01,10.94,FEDFUNDS
1979-09-01,11.43,FEDFUNDS
1979-10-01,13.77,FEDFUNDS
1979-11-01,13.18,FEDFUNDS
1979-12-01,13.78,FEDFUNDS
1980-01-01,13.82,FEDFUNDS
1980-02-01,14.13,FEDFUNDS
1980-03-01,17.19,FEDFUNDS
1980-04-01,17.61,FEDFUNDS
1980-05-01,10.98,FEDFUNDS
1980-06-01,9.47,FEDFUNDS
1980-07-01,9.03,FEDFUNDS
1980-08-01,9.61,FEDFUNDS
1980-09-01,10.87,FEDFUNDS
1980-10-01,12.81,FEDFUNDS
1980-11-01,15.85,FEDFUNDS
1980-12-01,18.9,FEDFUNDS
1981-01-01,19.08,FEDFUNDS
1981-02-01,15.93,FEDFUNDS
1981-03-01,14.7,FEDFUNDS
1981-04-01,15.72,FEDFUNDS
1981-05-01,18.52,FEDFUNDS
1981-06-01,19.1,FEDFUNDS
1981-07-01,19.04,FEDFUNDS
1981-08-01,17.82,FEDFUNDS
1981-09-01,15.87,FEDFUNDS
1981-10-01,15.08,FEDFUNDS
1981-11-01,13.31,FEDFUNDS
1981-12-01,12.37,FEDFUNDS
1982-01-01,13.22,FEDFUNDS
1982-02-01,14.78,FEDFUNDS
1982-03-01,14.68,FEDFUNDS
1982-04-01,14.94,FEDFUNDS
1982-05-01,14.45,FEDFUNDS
1982-06-01,14.15,FEDFUNDS
1982-07-01,12.59,FEDFUNDS
1982-08-01,10.12,FEDFUNDS
1982-09-01,10.31,FEDFUNDS
1982-10-01,9.71,FEDFUNDS
1982-11-01,9.2,FEDFUNDS
1982-12-01,8.95,FEDFUNDS
1983-01-01,8.68,FEDFUNDS
1983-02-01,8.51,FEDFUNDS
1983-03-01,8.77,FEDFUNDS
1983-04-01,8.8,FEDFUNDS
1983-05-01,8.63,FEDFUNDS
1983-06-01,8.98,FEDFUNDS
1983-07-01,9.37,FEDFUNDS
1983-08-01,9.56,FEDFUNDS
1983-09-01,9.45,FEDFUNDS
1983-10-01,9.48,FEDFUNDS
1983-11-01,9.34,FEDFUNDS
1983-12-01,9.47,FEDFUNDS
1984-01-01,9.56,FEDFUNDS
1984-02-01,9.59,FEDFUNDS
1984-03-01,9.91,FEDFUNDS
1984-04-01,10.29,FEDFUNDS
1984-05-01,10.32,FEDFUNDS
1984-06-01,11.06,FEDFUNDS
1984-07-01,11.23,FEDFUNDS
1984-08-01,11.64,FEDFUNDS
1984-09-01,11.3,FEDFUNDS
1984-10-01,9.99,FEDFUNDS
1984-11-01,9.43,FEDFUNDS
1984-12-01,8.38,FEDFUNDS
1985-01-01,8.35,FEDFUNDS
1985-02-01,8.5,FEDFUNDS
1985-03-01,8.58,FEDFUNDS
1985-04-01,8.27,FEDFUNDS
1985-05-01,7.97,FEDFUNDS
1985-06-01,7.53,FEDFUNDS
1985-07-01,7.88,FEDFUNDS
1985-08-01,7.9,FEDFUNDS
1985-09-01,7.92,FEDFUNDS
1985-10-01,7.99,FEDFUNDS
1985-11-01,8.05,FEDFUNDS
1985-12-01,8.27,FEDFUNDS
1986-01-01,8.14,FEDFUNDS
1986-02-01,7.86,FEDFUNDS
1986-03-01,7.48,FEDFUNDS
1986-04-01,6.99,FEDFUNDS
1986-05-01,6.85,FEDFUNDS
1986-06-01,6.92,FEDFUNDS
1986-07-01,6.56,FEDFUNDS
1986-08-01,6.17,FEDFUNDS
1986-09-01,5.89,FEDFUNDS
1986-10-01,5.85,FEDFUNDS
1986-11-01,6.04,FEDFUNDS
1986-12-01,6.91,FEDFUNDS
1987-01-01,6.43,FEDFUNDS
1987-02-01,6.1,FEDFUNDS
1987-03-01,6.13,FEDFUNDS
1987-04-01,6.37,FEDFUNDS
1987-05-01,6.85,FEDFUNDS
1987-06-01,6.73,FEDFUNDS
1987-07-01,6.58,FEDFUNDS
1987-08-01,6.73,FEDFUNDS
1987-09-01,7.22,FEDFUNDS
1987-10-01,7.29,FEDFUNDS
1987-11-01,6.69,FEDFUNDS
1987-12-01,6.77,FEDFUNDS
1988-01-01,6.83,FEDFUNDS
1988-02-01,6.58,FEDFUNDS
1988-03-01,6.58,FEDFUNDS
1988-04-01,6.87,FEDFUNDS
1988-05-01,7.09,FEDFUNDS
1988-06-01,7.51,FEDFUNDS
1988-07-01,7.75,FEDFUNDS
1988-08-01,8.01,FEDFUNDS
1988-09-01,8.19,FEDFUNDS
1988-10-01,8.3,FEDFUNDS
1988-11-01,8.35,FEDFUNDS
1988-12-01,8.76,FEDFUNDS
1989-01-01,9.12,FEDFUNDS
1989-02-01,9.36,FEDFUNDS
1989-03-01,9.85,FEDFUNDS
1989-04-01,9.84,FEDFUNDS
1989-05-01,9.81,FEDFUNDS
1989-06-01,9.53,FEDFUNDS
1989-07-01,9.24,FEDFUNDS
1989-08-01,8.99,FEDFUNDS
1989-09-01,9.02,FEDFUNDS
1989-10-01,8.84,FEDFUNDS
1989-11-01,8.55,FEDFUNDS
1989-12-01,8.45,FEDFUNDS
1990-01-01,8.23,FEDFUNDS
1990-02-01,8.24,FEDFUNDS
1990-03-01,8.28,FEDFUNDS
1990-04-01,8.26,FEDFUNDS
1990-05-01,8.18,FEDFUNDS
1990-06-01,8.29,FEDFUNDS
1990-07-01,8.15,FEDFUNDS
1990-08-01,8.13,FEDFUNDS
1990-09-01,8.2,FEDFUNDS
1990-10-01,8.11,FEDFUNDS
1990-11-01,7.81,FEDFUNDS
1990-12-01,7.31,FEDFUNDS
1991-01-01,6.91,FEDFUNDS
1991-02-01,6.25,FEDFUNDS
1991-03-01,6.12,FEDFUNDS
1991-04-01,5.91,FEDFUNDS
1991-05-01,5.78,FEDFUNDS
1991-06-01,5.9,FEDFUNDS
1991-07-01,5.82,FEDFUNDS
1991-08-01,5.66,FEDFUNDS
1991-09-01,5.45,FEDFUNDS
1991-10-01,5.21,FEDFUNDS
1991-11-01,4.81,FEDFUNDS
1991-12-01,4.43,FEDFUNDS
1992-01-01,4.03,FEDFUNDS
1992-02-01,4.06,FEDFUNDS
1992-03-01,3.98,FEDFUNDS
1992-04-01,3.73,FEDFUNDS
1992-05-01,3.82,FEDFUNDS
1992-06-01,3.76,FEDFUNDS
1992-07-01,3.25,FEDFUNDS
1992-08-01,3.3,FEDFUNDS
1992-09-01,3.22,FEDFUNDS
1992-10-01,3.1,FEDFUNDS
1992-11-01,3.09,FEDFUNDS
1992-12-01,2.92,FEDFUNDS
1993-01-01,3.02,FEDFUNDS
1993-02-01,3.03,FEDFUNDS
1993-03-01,3.07,FEDFUNDS
1993-04-01,2.96,FEDFUNDS
1993-05-01,3.0,FEDFUNDS
1993-06-01,3.04,FEDFUNDS
1993-07-01,3.06,FEDFUNDS
1993-08-01,3.03,FEDFUNDS
1993-09-01,3.09,FEDFUNDS
1993-10-01,2.99,FEDFUNDS
1993-11-01,3.02,FEDFUNDS
1993-12-01,2.96,FEDFUNDS
1994-01-01,3.05,FEDFUNDS
1994-02-01,3.25,FEDFUNDS
1994-03-01,3.34,FEDFUNDS
1994-04-01,3.56,FEDFUNDS
1994-05-01,4.01,FEDFUNDS
1994-06-01,4.25,FEDFUNDS
1994-07-01,4.26,FEDFUNDS
1994-08-01,4.47,FEDFUNDS
1994-09-01,4.73,FEDFUNDS
1994-10-01,4.76,FEDFUNDS
1994-11-01,5.29,FEDFUNDS
1994-12-01,5.45,FEDFUNDS
1995-01-01,5.53,FEDFUNDS
1995-02-01,5.92,FEDFUNDS
1995-03-01,5.98,FEDFUNDS
1995-04-01,6.05,FEDFUNDS
1995-05-01,6.01,FEDFUNDS
1995-06-01,6.0,FEDFUNDS
1995-07-01,5.85,FEDFUNDS
1995-08-01,5.74,FEDFUNDS
1995-09-01,5.8,FEDFUNDS
1995-10-01,5.76,FEDFUNDS
1995-11-01,5.8,FEDFUNDS
1995-12-01,5.6,FEDFUNDS
1996-01-01,5.56,FEDFUNDS
1996-02-01,5.22,FEDFUNDS
1996-03-01,5.31,FEDFUNDS
1996-04-01,5.22,FEDFUNDS
1996-05-01,5.24,FEDFUNDS
1996-06-01,5.27,FEDFUNDS
1996-07-01,5.4,FEDFUNDS
1996-08-01,5.22,FEDFUNDS
1996-09-01,5.3,FEDFUNDS
1996-10-01,5.24,FEDFUNDS
1996-11-01,5.31,FEDFUNDS
1996-12-01,5.29,FEDFUNDS
1997-01-01,5.25,FEDFUNDS
1997-02-01,5.19,FEDFUNDS
1997-03-01,5.39,FEDFUNDS
1997-04-01,5.51,FEDFUNDS
1997-05-01,5.5,FEDFUNDS
1997-06-01,5.56,FEDFUNDS
1997-07-01,5.52,FEDFUNDS
1997-08-01,5.54,FEDFUNDS
1997-09-01,5.54,FEDFUNDS
1997-10-01,5.5,FEDFUNDS
1997-11-01,5.52,FEDFUNDS
1997-12-01,5.5,FEDFUNDS
1998-01-01,5.56,FEDFUNDS
1998-02-01,5.51,FEDFUNDS
1998-03-01,5.49,FEDFUNDS
1998-04-01,5.45,FEDFUNDS
1998-05-01,5.49,FEDFUNDS
1998-06-01,5.56,FEDFUNDS
1998-07-01,5.54,FEDFUNDS
1998-08-01,5.55,FEDFUNDS
1998-09-01,5.51,FEDFUNDS
1998-10-01,5.07,FEDFUNDS
1998-11-01,4.83,FEDFUNDS
1998-12-01,4.68,FEDFUNDS
1999-01-01,4.63,FEDFUNDS
1999-02-01,4.76,FEDFUNDS
1999-03-01,4.81,FEDFUNDS
1999-04-01,4.74,FEDFUNDS
1999-05-01,4.74,FEDFUNDS
1999-06-01,4.76,FEDFUNDS
1999-07-01,4.99,FEDFUNDS
1999-08-01,5.07,FEDFUNDS
1999-09-01,5.22,FEDFUNDS
1999-10-01,5.2,FEDFUNDS
1999-11-01,5.42,FEDFUNDS
1999-12-01,5.3,FEDFUNDS
2000-01-01,5.45,FEDFUNDS
2000-02-01,5.73,FEDFUNDS
2000-03-01,5.85,FEDFUNDS
2000-04-01,6.02,FEDFUNDS
2000-05-01,6.27,FEDFUNDS
2000-06-01,6.53,FEDFUNDS
2000-07-01,6.54,FEDFUNDS
2000-08-01,6.5,FEDFUNDS
2000-09-01,6.52,FEDFUNDS
2000-10-01,6.51,FEDFUNDS
2000-11-01,6.51,FEDFUNDS
2000-12-01,6.4,FEDFUNDS
2001-01-01,5.98,FEDFUNDS
2001-02-01,5.49,FEDFUNDS
2001-03-01,5.31,FEDFUNDS
2001-04-01,4.8,FEDFUNDS
2001-05-01,4.21,FEDFUNDS
2001-06-01,3.97,FEDFUNDS
2001-07-01,3.77,FEDFUNDS
2001-08-01,3.65,FEDFUNDS
2001-09-01,3.07,FEDFUNDS
2001-10-01,2.49,FEDFUNDS
2001-11-01,2.09,FEDFUNDS
2001-12-01,1.82,FEDFUNDS
2002-01-01,1.73,FEDFUNDS
2002-02-01,1.74,FEDFUNDS
2002-03-01,1.73,FEDFUNDS
2002-04-01,1.75,FEDFUNDS
2002-05-01,1.75,FEDFUNDS
2002-06-01,1.75,FEDFUNDS
2002-07-01,1.73,FEDFUNDS
2002-08-01,1.74,FEDFUNDS
2002-09-01,1.75,FEDFUNDS
2002-10-01,1.75,FEDFUNDS
2002-11-01,1.34,FEDFUNDS
2002-12-01,1.24,FEDFUNDS
2003-01-01,1.24,FEDFUNDS
2003-02-01,1.26,FEDFUNDS
2003-03-01,1.25,FEDFUNDS
2003-04-01,1.26,FEDFUNDS
2003-05-01,1.26,FEDFUNDS
2003-06-01,1.22,FEDFUNDS
2003-07-01,1.01,FEDFUNDS
2003-08-01,1.03,FEDFUNDS
2003-09-01,1.01,FEDFUNDS
2003-10-01,1.01,FEDFUNDS
2003-11-01,1.0,FEDFUNDS
2003-12-01,0.98,FEDFUNDS
2004-01-01,1.0,FEDFUNDS
2004-02-01,1.01,FEDFUNDS
2004-03-01,1.0,FEDFUNDS
2004-04-01,1.0,FEDFUNDS
2004-05-01,1.0,FEDFUNDS
2004-06-01,1.03,FEDFUNDS
2004-07-01,1.26,FEDFUNDS
2004-08-01,1.43,FEDFUNDS
2004-09-01,1.61,FEDFUNDS
2004-10-01,1.76,FEDFUNDS
2004-11-01,1.93,FEDFUNDS
2004-12-01,2.16,FEDFUNDS
2005-01-01,2.28,FEDFUNDS
2005-02-01,2.5,FEDFUNDS
2005-03-01,2.63,FEDFUNDS
2005-04-01,2.79,FEDFUNDS
2005-05-01,3.0,FEDFUNDS
2005-06-01,3.04,FEDFUNDS
2005-07-01,3.26,FEDFUNDS
2005-08-01,3.5,FEDFUNDS
2005-09-01,3.62,FEDFUNDS
2005-10-01,3.78,FEDFUNDS
2005-11-01,4.0,FEDFUNDS
2005-12-01,4.16,FEDFUNDS
2006-01-01,4.29,FEDFUNDS
2006-02-01,4.49,FEDFUNDS
2006-03-01,4.59,FEDFUNDS
2006-04-01,4.79,FEDFUNDS
2006-05-01,4.94,FEDFUNDS
2006-06-01,4.99,FEDFUNDS
2006-07-01,5.24,FEDFUNDS
2006-08-01,5.25,FEDFUNDS
2006-09-01,5.25,FEDFUNDS
2006-10-01,5.25,FEDFUNDS
2006-11-01,5.25,FEDFUNDS
2006-12-01,5.24,FEDFUNDS
2007-01-01,5.25,FEDFUNDS
2007-02-01,5.26,FEDFUNDS
2007-03-01,5.26,FEDFUNDS
2007-04-01,5.25,FEDFUNDS
2007-05-01,5.25,FEDFUNDS
2007-06-01,5.25,FEDFUNDS
2007-07-01,5.26,FEDFUNDS
2007-08-01,5.02,FEDFUNDS
2007-09-01,4.94,FEDFUNDS
2007-10-01,4.76,FEDFUNDS
2007-11-01,4.49,FEDFUNDS
2007-12-01,4.24,FEDFUNDS
2008-01-01,3.94,FEDFUNDS
2008-02-01,2.98,FEDFUNDS
2008-03-01,2.61,FEDFUNDS
2008-04-01,2.28,FEDFUNDS
2008-05-01,1.98,FEDFUNDS
2008-06-01,2.0,FEDFUNDS
2008-07-01,2.01,FEDFUNDS
2008-08-01,2.0,FEDFUNDS
2008-09-01,1.81,FEDFUNDS
2008-10-01,0.97,FEDFUNDS
2008-11-01,0.39,FEDFUNDS
2008-12-01,0.16,FEDFUNDS
2009-01-01,0.15,FEDFUNDS
2009-02-01,0.22,FEDFUNDS
2009-03-01,0.18,FEDFUNDS
2009-04-01,0.15,FEDFUNDS
2009-05-01,0.18,FEDFUNDS
2009-06-01,0.21,FEDFUNDS
2009-07-01,0.16,FEDFUNDS
2009-08-01,0.16,FEDFUNDS
2009-09-01,0.15,FEDFUNDS
2009-10-01,0.12,FEDFUNDS
2009-11-01,0.12,FEDFUNDS
2009-12-01,0.12,FEDFUNDS
2010-01-01,0.11,FEDFUNDS
2010-02-01,0.13,FEDFUNDS
2010-03-01,0.16,FEDFUNDS
2010-04-01,0.2,FEDFUNDS
2010-05-01,0.2,FEDFUNDS
2010-06-01,0.18,FEDFUNDS
2010-07-01,0.18,FEDFUNDS
2010-08-01,0.19,FEDFUNDS
2010-09-01,0.19,FEDFUNDS
2010-10-01,0.19,FEDFUNDS
2010-11-01,0.19,FEDFUNDS
2010-12-01,0.18,FEDFUNDS
2011-01-01,0.17,FEDFUNDS
2011-02-01,0.16,FEDFUNDS
2011-03-01,0.14,FEDFUNDS
2011-04-01,0.1,FEDFUNDS
2011-05-01,0.09,FEDFUNDS
2011-06-01,0.09,FEDFUNDS
2011-07-01,0.07,FEDFUNDS
2011-08-01,0.1,FEDFUNDS
2011-09-01,0.08,FEDFUNDS
2011-10-01,0.07,FEDFUNDS
2011-11-01,0.08,FEDFUNDS
2011-12-01,0.07,FEDFUNDS
2012-01-01,0.08,FEDFUNDS
2012-02-01,0.1,FEDFUNDS
2012-03-01,0.13,FEDFUNDS
2012-04-01,0.14,FEDFUNDS
2012-05-01,0.16,FEDFUNDS
2012-06-01,0.16,FEDFUNDS
2012-07-01,0.16,FEDFUNDS
2012-08-01,0.13,FEDFUNDS
2012-09-01,0.14,FEDFUNDS
2012-10-01,0.16,FEDFUNDS
2012-11-01,0.16,FEDFUNDS
2012-12-01,0.16,FEDFUNDS
2013-01-01,0.14,FEDFUNDS
2013-02-01,0.15,FEDFUNDS
2013-03-01,0.14,FEDFUNDS
2013-04-01,0.15,FEDFUNDS
2013-05-01,0.11,FEDFUNDS
2013-06-01,0.09,FEDFUNDS
2013-07-01,0.09,FEDFUNDS
2013-08-01,0.08,FEDFUNDS
2013-09-01,0.08,FEDFUNDS
2013-10-01,0.09,FEDFUNDS
2013-11-01,0.08,FEDFUNDS
2013-12-01,0.09,FEDFUNDS
2014-01-01,0.07,FEDFUNDS
2014-02-01,0.07,FEDFUNDS
2014-03-01,0.08,FEDFUNDS
2014-04-01,0.09,FEDFUNDS
2014-05-01,0.09,FEDFUNDS
2014-06-01,0.1,FEDFUNDS
2014-07-01,0.09,FEDFUNDS
2014-08-01,0.09,FEDFUNDS
2014-09-01,0.09,FEDFUNDS
2014-10-01,0.09,FEDFUNDS
2014-11-01,0.09,FEDFUNDS
2014-12-01,0.12,FEDFUNDS
2015-01-01,0.11,FEDFUNDS
2015-02-01,0.11,FEDFUNDS
2015-03-01,0.11,FEDFUNDS
2015-04-01,0.12,FEDFUNDS
2015-05-01,0.12,FEDFUNDS
2015-06-01,0.13,FEDFUNDS
2015-07-01,0.13,FEDFUNDS
2015-08-01,0.14,FEDFUNDS
2015-09-01,0.14,FEDFUNDS
2015-10-01,0.12,FEDFUNDS
2015-11-01,0.12,FEDFUNDS
2015-12-01,0.24,FEDFUNDS
2016-01-01,0.34,FEDFUNDS
2016-02-01,0.38,FEDFUNDS
2016-03-01,0.36,FEDFUNDS
2016-04-01,0.37,FEDFUNDS
2016-05-01,0.37,FEDFUNDS
2016-06-01,0.38,FEDFUNDS
2016-07-01,0.39,FEDFUNDS
2016-08-01,0.4,FEDFUNDS
2016-09-01,0.4,FEDFUNDS
2016-10-01,0.4,FEDFUNDS
2016-11-01,0.41,FEDFUNDS
2016-12-01,0.54,FEDFUNDS
2017-01-01,0.65,FEDFUNDS
2017-02-01,0.66,FEDFUNDS
2017-03-01,0.79,FEDFUNDS
2017-04-01,0.9,FEDFUNDS
2017-05-01,0.91,FEDFUNDS
2017-06-01,1.04,FEDFUNDS
2017-07-01,1.15,FEDFUNDS
2017-08-01,1.16,FEDFUNDS
2017-09-01,1.15,FEDFUNDS
2017-10-01,1.15,FEDFUNDS
2017-11-01,1.16,FEDFUNDS
2017-12-01,1.3,FEDFUNDS
2018-01-01,1.41,FEDFUNDS
2018-02-01,1.42,FEDFUNDS
2018-03-01,1.51,FEDFUNDS
2018-04-01,1.69,FEDFUNDS
2018-05-01,1.7,FEDFUNDS
2018-06-01,1.82,FEDFUNDS
2018-07-01,1.91,FEDFUNDS
2018-08-01,1.91,FEDFUNDS
2018-09-01,1.95,FEDFUNDS
2018-10-01,2.19,FEDFUNDS
2018-11-01,2.2,FEDFUNDS
2018-12-01,2.27,FEDFUNDS
2019-01-01,2.4,FEDFUNDS
2019-02-01,2.4,FEDFUNDS
2019-03-01,2.41,FEDFUNDS
2019-04-01,2.42,FEDFUNDS
2019-05-01,2.39,FEDFUNDS
2019-06-01,2.38,FEDFUNDS
2019-07-01,2.4,FEDFUNDS
2019-08-01,2.13,FEDFUNDS
2019-09-01,2.04,FEDFUNDS
2019-10-01,1.83,FEDFUNDS
2019-11-01,1.55,FEDFUNDS
2019-12-01,1.55,FEDFUNDS
2020-01-01,1.55,FEDFUNDS
2020-02-01,1.58,FEDFUNDS
2020-03-01,0.65,FEDFUNDS
2020-04-01,0.05,FEDFUNDS
2020-05-01,0.05,FEDFUNDS
2020-06-01,0.08,FEDFUNDS
2020-07-01,0.09,FEDFUNDS
2020-08-01,0.1,FEDFUNDS
2020-09-01,0.09,FEDFUNDS
2020-10-01,0.09,FEDFUNDS
2020-11-01,0.09,FEDFUNDS
2020-12-01,0.09,FEDFUNDS
2021-01-01,0.09,FEDFUNDS
2021-02-01,0.08,FEDFUNDS
2021-03-01,0.07,FEDFUNDS
2021-04-01,0.07,FEDFUNDS
2021-05-01,0.06,FEDFUNDS
2021-06-01,0.08,FEDFUNDS
2021-07-01,0.1,FEDFUNDS
2021-08-01,0.09,FEDFUNDS
2021-09-01,0.08,FEDFUNDS
2021-10-01,0.08,FEDFUNDS
2021-11-01,0.08,FEDFUNDS
2021-12-01,0.08,FEDFUNDS
2022-01-01,0.08,FEDFUNDS
2022-02-01,0.08,FEDFUNDS
2022-03-01,0.2,FEDFUNDS
2022-04-01,0.33,FEDFUNDS
2022-05-01,0.77,FEDFUNDS
2022-06-01,1.21,FEDFUNDS
2022-07-01,1.68,FEDFUNDS
2022-08-01,2.33,FEDFUNDS
2022-09-01,2.56,FEDFUNDS
2022-10-01,3.08,FEDFUNDS
2022-11-01,3.78,FEDFUNDS
2022-12-01,4.1,FEDFUNDS
2023-01-01,4.33,FEDFUNDS
2023-02-01,4.57,FEDFUNDS
2023-03-01,4.65,FEDFUNDS
2023-04-01,4.83,FEDFUNDS
2023-05-01,5.06,FEDFUNDS
2023-06-01,5.08,FEDFUNDS
2023-07-01,5.12,FEDFUNDS
2023-08-01,5.33,FEDFUNDS
2023-09-01,5.33,FEDFUNDS
2023-10-01,5.33,FEDFUNDS
2023-11-01,5.33,FEDFUNDS
2023-12-01,5.33,FEDFUNDS
2024-01-01,5.33,FEDFUNDS
2024-02-01,5.33,FEDFUNDS
2024-03-01,5.33,FEDFUNDS
2024-04-01,5.33,FEDFUNDS
2024-05-01,5.33,FEDFUNDS
2024-06-01,5.33,FEDFUNDS
2024-07-01,5.33,FEDFUNDS
2024-08-01,5.33,FEDFUNDS
2024-09-01,5.13,FEDFUNDS
2024-10-01,4.83,FEDFUNDS
2024-11-01,4.64,FEDFUNDS
2024-12-01,4.48,FEDFUNDS
2025-01-01,4.33,FEDFUNDS
2025-02-01,4.33,FEDFUNDS
2025-03-01,4.33,FEDFUNDS
2025-04-01,4.33,FEDFUNDS
2025-05-01,4.33,FEDFUNDS
2025-06-01,4.33,FEDFUNDS
2025-07-01,4.33,FEDFUNDS
2025-08-01,4.33,FEDFUNDS
2025-09-01,4.22,FEDFUNDS
2025-10-01,4.09,FEDFUNDS
2025-11-01,3.88,FEDFUNDS
2025-12-01,3.72,FEDFUNDS
2026-01-01,3.64,FEDFUNDS
2026-02-01,3.64,FEDFUNDS
